,local_no,established_no,alcohol_no,bakery_no,dairy_no,flower_no,fuel_no,garden_no,grocery_no,meat_no,misc_no,natural_prod_no,packaged_no,pharmaceutical_no,prepared_no,restaurant_no,salad_no,seafood_no,skin_no,travel_no,vegetable_no,coupon_id
0,17,0,0,0,0,0,0,0,17,0,0,0,0,0,0,0,0,0,0,0,0,105
1,638,3075,0,0,259,0,0,0,3082,2,0,0,242,0,0,0,0,128,0,0,0,6
2,1077,3870,0,16,260,0,0,0,4127,4,1,0,247,0,0,0,0,292,0,0,0,22
3,1043,3830,0,16,259,0,0,0,4127,3,1,0,246,0,0,0,0,221,0,0,0,31
4,38,0,0,0,0,0,0,0,38,0,0,0,0,0,0,0,0,0,0,0,0,107
5,609,926,0,0,1,0,0,0,1530,0,0,2,0,1,1,0,0,0,0,0,0,9
6,1171,1982,0,0,2,0,0,0,3133,0,2,6,2,1,7,0,0,0,0,0,0,21
7,1171,1980,0,0,2,0,0,0,3132,0,2,5,2,1,7,0,0,0,0,0,0,30
8,19,0,0,0,0,0,0,0,19,0,0,0,0,0,0,0,0,0,0,0,0,226
9,0,35,0,0,0,0,0,0,35,0,0,0,0,0,0,0,0,0,0,0,0,494
10,0,112,0,0,0,0,0,0,112,0,0,0,0,0,0,0,0,0,0,0,0,492
11,0,91,0,0,0,0,0,0,91,0,0,0,0,0,0,0,0,0,0,0,0,522
12,0,70,0,0,0,0,0,0,70,0,0,0,0,0,0,0,0,0,0,0,0,518
13,0,71,0,0,0,0,0,0,71,0,0,0,0,0,0,0,0,0,0,0,0,520
14,0,101,0,0,0,0,0,0,101,0,0,0,0,0,0,0,0,0,0,0,0,529
15,0,70,0,0,0,0,0,0,70,0,0,0,0,0,0,0,0,0,0,0,0,524
16,7,0,0,0,0,0,0,0,7,0,0,0,0,0,0,0,0,0,0,0,0,378
17,0,69,0,0,2,0,0,0,67,0,0,0,0,0,0,0,0,0,0,0,0,596
18,7,0,0,0,0,0,0,0,7,0,0,0,0,0,0,0,0,0,0,0,0,104
19,3,0,0,0,0,0,0,0,3,0,0,0,0,0,0,0,0,0,0,0,0,204
20,0,116,0,0,0,0,0,0,116,0,0,0,0,0,0,0,0,0,0,0,0,468
21,0,10,0,0,0,0,0,0,10,0,0,0,0,0,0,0,0,0,0,0,0,651
22,0,10,0,0,0,0,0,0,10,0,0,0,0,0,0,0,0,0,0,0,0,650
23,0,107,0,0,0,0,0,0,107,0,0,0,0,0,0,0,0,0,0,0,0,415
24,15,0,0,0,0,0,0,0,15,0,0,0,0,0,0,0,0,0,0,0,0,312
25,15,0,0,0,0,0,0,0,15,0,0,0,0,0,0,0,0,0,0,0,0,157
26,0,70,0,0,0,0,0,0,70,0,0,0,0,0,0,0,0,0,0,0,0,671
27,4,0,0,4,0,0,0,0,0,0,0,0,0,0,0,0,0,0,0,0,0,106
28,0,28,0,0,0,0,0,0,28,0,0,0,0,0,0,0,0,0,0,0,0,845
29,0,58,0,0,0,0,0,0,58,0,0,0,0,0,0,0,0,0,0,0,0,932
30,0,50,0,0,0,0,0,0,50,0,0,0,0,0,0,0,0,0,0,0,0,933
31,0,146,0,0,0,0,0,0,144,0,0,0,0,2,0,0,0,0,0,0,0,11
32,0,14,0,0,0,0,0,0,14,0,0,0,0,0,0,0,0,0,0,0,0,720
33,0,36,0,0,0,0,0,0,36,0,0,0,0,0,0,0,0,0,0,0,0,718
34,0,95,0,0,0,0,0,0,95,0,0,0,0,0,0,0,0,0,0,0,0,44
35,0,10,0,0,0,0,0,0,10,0,0,0,0,0,0,0,0,0,0,0,0,976
36,0,9,0,0,0,0,0,0,9,0,0,0,0,0,0,0,0,0,0,0,0,975
37,0,318,0,0,0,0,0,0,0,0,0,0,0,0,0,0,0,0,318,0,0,549
38,1069,10744,0,0,2,0,0,0,12,8,5,0,0,9616,0,0,0,0,2170,0,0,23
39,1069,10745,0,0,3,0,0,0,12,8,5,0,0,9616,0,0,0,0,2170,0,0,32
40,302,1287,0,0,0,0,0,0,1584,0,4,0,0,1,0,0,0,0,0,0,0,43
41,302,1287,0,0,0,0,0,0,1584,0,4,0,0,1,0,0,0,0,0,0,0,42
42,0,28,0,0,0,0,0,0,28,0,0,0,0,0,0,0,0,0,0,0,0,801
43,0,33,0,0,0,0,0,0,33,0,0,0,0,0,0,0,0,0,0,0,0,907
44,0,35,0,0,0,0,0,0,35,0,0,0,0,0,0,0,0,0,0,0,0,799
45,0,21,0,0,0,0,0,0,21,0,0,0,0,0,0,0,0,0,0,0,0,800
46,0,27,0,0,0,0,0,0,27,0,0,0,0,0,0,0,0,0,0,0,0,18
47,0,74,0,0,0,0,0,0,74,0,0,0,0,0,0,0,0,0,0,0,0,1069
48,12,1,0,0,0,0,0,0,13,0,0,0,0,0,0,0,0,0,0,0,0,315
49,13,0,0,0,0,0,0,0,13,0,0,0,0,0,0,0,0,0,0,0,0,187
50,0,147,0,0,0,0,0,0,146,0,1,0,0,0,0,0,0,0,0,0,0,705
51,0,1085,0,0,0,0,0,0,0,0,0,0,0,1085,0,0,0,0,0,0,0,37
52,11,0,0,0,0,0,0,0,11,0,0,0,0,0,0,0,0,0,0,0,0,241
53,0,38,0,0,0,0,0,0,38,0,0,0,0,0,0,0,0,0,0,0,0,878
54,0,53,0,0,0,0,0,0,53,0,0,0,0,0,0,0,0,0,0,0,0,876
55,0,7,0,0,0,0,0,0,7,0,0,0,0,0,0,0,0,0,0,0,0,643
56,0,41,0,0,0,0,0,0,41,0,0,0,0,0,0,0,0,0,0,0,0,38
57,0,37,0,0,0,0,0,0,37,0,0,0,0,0,0,0,0,0,0,0,0,636
58,0,21,0,0,0,0,0,0,21,0,0,0,0,0,0,0,0,0,0,0,0,637
59,0,27,0,0,0,0,0,0,27,0,0,0,0,0,0,0,0,0,0,0,0,1063
60,0,27,0,0,0,0,0,0,27,0,0,0,0,0,0,0,0,0,0,0,0,1062
61,0,49,0,0,0,0,0,0,48,0,0,0,0,0,0,0,0,0,1,0,0,1109
62,0,11,0,0,0,0,0,0,11,0,0,0,0,0,0,0,0,0,0,0,0,1072
63,0,8,0,0,0,0,0,0,8,0,0,0,0,0,0,0,0,0,0,0,0,534
64,0,32,0,0,0,0,0,0,32,0,0,0,0,0,0,0,0,0,0,0,0,822
65,0,32,0,0,0,0,0,0,32,0,0,0,0,0,0,0,0,0,0,0,0,825
66,0,32,0,0,0,0,0,0,32,0,0,0,0,0,0,0,0,0,0,0,0,824
67,0,31,0,0,0,0,0,0,31,0,0,0,0,0,0,0,0,0,0,0,0,387
68,0,52,0,0,0,0,0,0,52,0,0,0,0,0,0,0,0,0,0,0,0,703
69,0,25,0,0,0,0,0,0,25,0,0,0,0,0,0,0,0,0,0,0,0,674
70,0,77,0,0,0,0,0,0,77,0,0,0,0,0,0,0,0,0,0,0,0,783
71,0,12,0,0,0,0,0,0,12,0,0,0,0,0,0,0,0,0,0,0,0,953
72,0,51,0,0,0,0,0,0,51,0,0,0,0,0,0,0,0,0,0,0,0,618
73,0,13,0,0,0,0,0,0,13,0,0,0,0,0,0,0,0,0,0,0,0,622
74,0,62,0,0,2,0,0,0,60,0,0,0,0,0,0,0,0,0,0,0,0,1079
75,0,34,0,0,0,0,0,0,0,0,0,0,0,34,0,0,0,0,0,0,0,456
76,0,82,0,0,0,0,0,0,0,0,0,0,0,82,0,0,0,0,0,0,0,457
77,0,22,0,0,0,0,0,0,21,0,0,0,1,0,0,0,0,0,0,0,0,567
78,0,14,0,0,0,0,0,0,14,0,0,0,0,0,0,0,0,0,0,0,0,444
79,0,18,0,0,0,0,0,0,18,0,0,0,0,0,0,0,0,0,0,0,0,442
80,0,13,0,0,0,0,0,0,13,0,0,0,0,0,0,0,0,0,0,0,0,445
81,0,148,0,0,0,0,0,0,148,0,0,0,0,0,0,0,0,0,0,0,0,562
82,33,0,0,0,0,0,0,0,33,0,0,0,0,0,0,0,0,0,0,0,0,347
83,38,0,0,0,0,0,0,0,38,0,0,0,0,0,0,0,0,0,0,0,0,346
84,0,21,0,0,0,0,0,0,21,0,0,0,0,0,0,0,0,0,0,0,0,452
85,0,59,0,0,0,0,0,0,0,0,0,0,0,59,0,0,0,0,0,0,0,431
86,0,53,0,0,0,0,0,0,53,0,0,0,0,0,0,0,0,0,0,0,0,417
87,0,43,0,0,0,0,0,0,43,0,0,0,0,0,0,0,0,0,0,0,0,416
88,0,13,0,0,0,0,0,0,13,0,0,0,0,0,0,0,0,0,0,0,0,527
89,0,47,0,0,0,0,0,0,47,0,0,0,0,0,0,0,0,0,0,0,0,526
90,0,49,0,0,0,0,0,0,0,0,0,0,0,0,0,0,0,49,0,0,0,810
91,0,49,0,0,0,0,0,0,0,0,0,0,0,0,0,0,0,49,0,0,0,809
92,0,48,0,0,0,0,0,0,0,0,0,0,0,0,0,0,0,48,0,0,0,805
93,0,48,0,0,0,0,0,0,0,0,0,0,0,0,0,0,0,48,0,0,0,804
94,0,48,0,0,0,0,0,0,0,0,0,0,0,0,0,0,0,48,0,0,0,807
95,0,48,0,0,0,0,0,0,0,0,0,0,0,0,0,0,0,48,0,0,0,808
96,0,48,0,0,0,0,0,0,0,0,0,0,0,0,0,0,0,48,0,0,0,806
97,0,48,0,0,0,0,0,0,48,0,0,0,0,0,0,0,0,0,0,0,0,599
98,0,50,0,0,0,0,0,0,50,0,0,0,0,0,0,0,0,0,0,0,0,514
99,0,26,0,0,0,0,0,0,26,0,0,0,0,0,0,0,0,0,0,0,0,895
100,0,13,0,0,0,0,0,0,13,0,0,0,0,0,0,0,0,0,0,0,0,556
101,0,9,0,0,0,0,0,0,9,0,0,0,0,0,0,0,0,0,0,0,0,554
102,0,9,0,0,0,0,0,0,9,0,0,0,0,0,0,0,0,0,0,0,0,555
103,0,87,0,0,0,0,0,0,86,0,1,0,0,0,0,0,0,0,0,0,0,913
104,0,47,0,0,0,0,0,0,46,0,1,0,0,0,0,0,0,0,0,0,0,914
105,0,16,0,0,0,0,0,0,16,0,0,0,0,0,0,0,0,0,0,0,0,590
106,0,22,0,0,0,0,0,0,0,0,0,0,0,22,0,0,0,0,0,0,0,396
107,0,22,0,0,0,0,0,0,0,0,0,0,0,22,0,0,0,0,0,0,0,397
108,0,18,0,0,0,0,0,0,0,0,0,0,0,18,0,0,0,0,0,0,0,398
109,0,19,0,0,0,0,0,0,0,0,0,0,0,19,0,0,0,0,0,0,0,395
110,0,18,0,0,0,0,0,0,0,0,0,0,0,18,0,0,0,0,0,0,0,399
111,0,15,0,0,0,0,0,0,15,0,0,0,0,0,0,0,0,0,0,0,0,591
112,0,17,0,0,0,0,0,0,17,0,0,0,0,0,0,0,0,0,0,0,0,592
113,0,63,0,0,0,0,0,0,63,0,0,0,0,0,0,0,0,0,0,0,0,578
114,0,7,0,0,0,0,0,0,7,0,0,0,0,0,0,0,0,0,0,0,0,525
115,0,35,0,0,0,0,0,0,35,0,0,0,0,0,0,0,0,0,0,0,0,721
116,0,32,0,0,0,0,0,0,32,0,0,0,0,0,0,0,0,0,0,0,0,722
117,0,30,0,0,0,0,0,0,30,0,0,0,0,0,0,0,0,0,0,0,0,723
118,0,72,0,0,0,0,0,0,72,0,0,0,0,0,0,0,0,0,0,0,0,869
119,0,66,0,0,0,0,0,0,66,0,0,0,0,0,0,0,0,0,0,0,0,868
120,0,71,0,0,0,0,0,0,71,0,0,0,0,0,0,0,0,0,0,0,0,870
121,0,72,0,0,0,0,0,0,72,0,0,0,0,0,0,0,0,0,0,0,0,872
122,0,61,0,0,0,0,0,0,61,0,0,0,0,0,0,0,0,0,0,0,0,670
123,0,50,0,0,0,0,0,0,50,0,0,0,0,0,0,0,0,0,0,0,0,672
124,0,43,0,0,1,0,0,0,42,0,0,0,0,0,0,0,0,0,0,0,0,584
125,0,17,0,0,0,0,0,0,17,0,0,0,0,0,0,0,0,0,0,0,0,587
126,0,34,0,0,0,0,0,0,34,0,0,0,0,0,0,0,0,0,0,0,0,586
127,0,37,0,0,0,0,0,0,37,0,0,0,0,0,0,0,0,0,0,0,0,585
128,0,51,0,0,0,0,0,0,51,0,0,0,0,0,0,0,0,0,0,0,0,496
129,0,29,0,0,0,0,0,0,29,0,0,0,0,0,0,0,0,0,0,0,0,497
130,0,49,0,0,0,0,0,0,49,0,0,0,0,0,0,0,0,0,0,0,0,432
131,0,95,0,0,0,0,0,0,0,0,0,0,0,95,0,0,0,0,0,0,0,691
132,0,65,0,0,0,0,0,0,0,0,0,0,0,65,0,0,0,0,0,0,0,692
133,0,16,0,0,0,0,0,0,16,0,0,0,0,0,0,0,0,0,0,0,0,403
134,0,16,0,0,0,0,0,0,16,0,0,0,0,0,0,0,0,0,0,0,0,404
135,0,16,0,0,0,0,0,0,16,0,0,0,0,0,0,0,0,0,0,0,0,405
136,0,33,0,0,0,0,0,0,0,0,0,0,0,33,0,0,0,0,0,0,0,389
137,0,33,0,0,0,0,0,0,0,0,0,0,0,33,0,0,0,0,0,0,0,834
138,0,40,0,0,0,0,0,0,0,0,0,0,0,40,0,0,0,0,0,0,0,401
139,0,33,0,0,0,0,0,0,0,0,0,0,0,33,0,0,0,0,0,0,0,833
140,0,33,0,0,0,0,0,0,0,0,0,0,0,33,0,0,0,0,0,0,0,390
141,0,25,0,0,0,0,0,0,0,0,0,0,0,25,0,0,0,0,0,0,0,391
142,0,36,0,0,0,0,0,0,36,0,0,0,0,0,0,0,0,0,0,0,0,864
143,0,63,0,0,0,0,0,0,63,0,0,0,0,0,0,0,0,0,0,0,0,597
144,0,138,0,0,0,0,0,0,138,0,0,0,0,0,0,0,0,0,0,0,0,982
145,0,30,0,0,0,0,0,0,0,0,0,0,0,30,0,0,0,0,0,0,0,938
146,0,14,0,0,0,0,0,0,14,0,0,0,0,0,0,0,0,0,0,0,0,974
147,0,22,0,0,0,0,0,0,22,0,0,0,0,0,0,0,0,0,0,0,0,788
148,0,20,0,0,0,0,0,0,20,0,0,0,0,0,0,0,0,0,0,0,0,791
149,0,21,0,0,0,0,0,0,21,0,0,0,0,0,0,0,0,0,0,0,0,790
150,0,24,0,0,0,0,0,0,24,0,0,0,0,0,0,0,0,0,0,0,0,789
151,0,5,0,0,0,0,0,0,0,0,0,0,0,5,0,0,0,0,0,0,0,641
152,0,27,0,0,0,0,0,0,27,0,0,0,0,0,0,0,0,0,0,0,0,853
153,0,21,0,0,0,0,0,0,21,0,0,0,0,0,0,0,0,0,0,0,0,855
154,0,10,0,0,0,0,0,0,10,0,0,0,0,0,0,0,0,0,0,0,0,971
155,0,10,0,0,0,0,0,0,10,0,0,0,0,0,0,0,0,0,0,0,0,972
156,0,18,0,0,0,0,0,0,18,0,0,0,0,0,0,0,0,0,0,0,0,704
157,0,34,0,0,0,0,0,0,34,0,0,0,0,0,0,0,0,0,0,0,0,781
158,0,50,0,0,0,0,0,0,0,0,0,0,0,50,0,0,0,0,0,0,0,666
159,0,111,0,0,0,0,0,0,0,0,0,0,0,111,0,0,0,0,0,0,0,841
160,0,123,0,0,0,0,0,0,0,0,0,0,0,123,0,0,0,0,0,0,0,1088
161,0,123,0,0,0,0,0,0,0,0,0,0,0,123,0,0,0,0,0,0,0,1089
162,0,67,0,0,0,0,0,0,67,0,0,0,0,0,0,0,0,0,0,0,0,726
163,0,61,0,0,0,0,0,0,61,0,0,0,0,0,0,0,0,0,0,0,0,725
164,0,61,0,0,0,0,0,0,61,0,0,0,0,0,0,0,0,0,0,0,0,727
165,0,14,0,0,0,0,0,0,14,0,0,0,0,0,0,0,0,0,0,0,0,523
166,0,37,0,0,0,0,0,0,0,0,0,0,0,37,0,0,0,0,0,0,0,910
167,0,21,0,0,0,0,0,0,21,0,0,0,0,0,0,0,0,0,0,0,0,697
168,0,125,0,0,0,0,0,0,125,0,0,0,0,0,0,0,0,0,0,0,0,41
169,0,125,0,0,0,0,0,0,125,0,0,0,0,0,0,0,0,0,0,0,0,27
170,0,50,0,0,0,0,0,0,50,0,0,0,0,0,0,0,0,0,0,0,0,902
171,0,134,0,0,0,0,0,0,134,0,0,0,0,0,0,0,0,0,0,0,0,796
172,0,128,0,0,0,0,0,0,128,0,0,0,0,0,0,0,0,0,0,0,0,797
173,0,5,0,0,0,0,0,0,5,0,0,0,0,0,0,0,0,0,0,0,0,854
174,0,14,0,0,0,0,0,0,0,0,0,0,0,14,0,0,0,0,0,0,0,1094
175,0,53,0,0,0,0,0,0,0,0,0,0,0,53,0,0,0,0,0,0,0,34
176,0,13,0,0,0,0,0,0,13,0,0,0,0,0,0,0,0,0,0,0,0,915
177,0,14,0,0,0,0,0,0,14,0,0,0,0,0,0,0,0,0,0,0,0,916
178,0,21,0,0,0,0,0,0,21,0,0,0,0,0,0,0,0,0,0,0,0,892
179,0,148,0,0,0,0,0,0,0,0,0,0,0,148,0,0,0,0,0,0,0,455
180,0,23,0,0,0,0,0,0,23,0,0,0,0,0,0,0,0,0,0,0,0,787
181,0,31,0,0,0,0,0,0,0,0,0,0,31,0,0,0,0,0,0,0,0,811
182,497,3897,0,0,0,0,0,0,29,2074,17,3,1676,0,4,0,1,590,0,0,0,24
183,337,3381,0,0,0,0,0,0,8,2029,15,0,1661,0,4,0,0,1,0,0,0,8
184,0,29,0,0,0,0,0,0,0,0,0,0,29,0,0,0,0,0,0,0,0,812
185,497,3897,0,0,0,0,0,0,29,2076,17,0,1677,0,4,0,1,590,0,0,0,33
186,0,9,0,0,0,0,0,0,9,0,0,0,0,0,0,0,0,0,0,0,0,702
187,0,18,0,0,0,0,0,0,18,0,0,0,0,0,0,0,0,0,0,0,0,1064
188,0,14,0,0,0,0,0,0,14,0,0,0,0,0,0,0,0,0,0,0,0,715
189,0,14,0,0,0,0,0,0,14,0,0,0,0,0,0,0,0,0,0,0,0,716
190,0,14,0,0,0,0,0,0,14,0,0,0,0,0,0,0,0,0,0,0,0,717
191,0,19,0,0,0,0,0,0,19,0,0,0,0,0,0,0,0,0,0,0,0,981
192,0,18,0,0,18,0,0,0,0,0,0,0,0,0,0,0,0,0,0,0,0,572
193,0,28,0,0,0,0,0,0,0,0,0,0,0,28,0,0,0,0,0,0,0,1090
194,0,24,0,0,0,0,0,0,24,0,0,0,0,0,0,0,0,0,0,0,0,865
195,0,13,0,0,0,0,0,0,13,0,0,0,0,0,0,0,0,0,0,0,0,866
196,0,15,0,0,0,0,0,0,0,0,0,0,15,0,0,0,0,0,0,0,0,819
197,0,10,0,0,0,0,0,0,0,0,0,0,0,10,0,0,0,0,0,0,0,1099
198,0,21,0,0,0,0,0,0,21,0,0,0,0,0,0,0,0,0,0,0,0,1081
199,0,39,0,0,0,0,0,0,39,0,0,0,0,0,0,0,0,0,0,0,0,1016
200,0,32,0,0,0,0,0,0,32,0,0,0,0,0,0,0,0,0,0,0,0,1017
201,0,5,0,0,0,0,0,0,0,0,0,0,5,0,0,0,0,0,0,0,0,818
202,0,65,0,0,0,0,0,0,65,0,0,0,0,0,0,0,0,0,0,0,0,1048
203,0,24,0,0,0,0,0,0,0,0,0,0,0,24,0,0,0,0,0,0,0,28
204,0,6,0,0,0,0,0,0,0,0,0,0,0,6,0,0,0,0,0,0,0,732
205,0,38,0,0,0,0,0,0,38,0,0,0,0,0,0,0,0,0,0,0,0,619
206,0,64,0,0,0,0,0,0,0,0,0,0,0,64,0,0,0,0,0,0,0,279
207,0,87,0,0,0,0,0,0,87,0,0,0,0,0,0,0,0,0,0,0,0,488
208,0,54,0,0,0,0,0,0,0,0,0,0,0,54,0,0,0,0,0,0,0,664
209,0,28,0,0,0,0,0,0,28,0,0,0,0,0,0,0,0,0,0,0,0,481
210,0,17,0,0,0,0,0,0,17,0,0,0,0,0,0,0,0,0,0,0,0,483
211,0,12,0,0,0,0,0,0,12,0,0,0,0,0,0,0,0,0,0,0,0,606
212,0,7,0,0,0,0,0,0,7,0,0,0,0,0,0,0,0,0,0,0,0,605
213,0,16,0,0,0,0,0,0,16,0,0,0,0,0,0,0,0,0,0,0,0,551
214,0,35,0,0,0,0,0,0,0,0,0,35,0,0,0,0,0,0,0,0,0,580
215,0,15,0,0,0,0,0,0,15,0,0,0,0,0,0,0,0,0,0,0,0,908
216,0,46,0,0,0,0,0,0,46,0,0,0,0,0,0,0,0,0,0,0,0,906
217,0,43,0,0,0,0,0,0,43,0,0,0,0,0,0,0,0,0,0,0,0,905
218,0,34,0,0,0,0,0,0,34,0,0,0,0,0,0,0,0,0,0,0,0,466
219,0,73,0,0,0,0,0,0,0,0,0,0,0,73,0,0,0,0,0,0,0,689
220,0,63,0,0,0,0,0,0,0,0,0,0,0,63,0,0,0,0,0,0,0,662
221,0,65,0,0,0,0,0,0,0,0,0,0,0,65,0,0,0,0,0,0,0,660
222,0,50,0,0,0,0,0,0,0,0,0,0,0,50,0,0,0,0,0,0,0,665
223,0,27,0,0,0,0,0,0,0,0,0,0,0,27,0,0,0,0,0,0,0,838
224,0,26,0,0,0,0,0,0,0,0,0,0,0,26,0,0,0,0,0,0,0,1098
225,0,27,0,0,0,0,0,0,0,0,0,0,0,27,0,0,0,0,0,0,0,1097
226,0,25,0,0,0,0,0,0,0,0,0,0,0,25,0,0,0,0,0,0,0,840
227,0,47,0,0,0,0,0,0,47,0,0,0,0,0,0,0,0,0,0,0,0,803
228,0,42,0,0,0,0,0,0,42,0,0,0,0,0,0,0,0,0,0,0,0,802
229,0,16,0,0,0,0,0,0,16,0,0,0,0,0,0,0,0,0,0,0,0,568
230,0,12,0,0,0,0,0,0,0,0,0,0,0,12,0,0,0,0,0,0,0,1043
231,0,27,0,0,0,0,0,0,27,0,0,0,0,0,0,0,0,0,0,0,0,612
232,0,21,0,0,0,0,0,0,21,0,0,0,0,0,0,0,0,0,0,0,0,1023
233,0,4,0,0,0,0,0,0,4,0,0,0,0,0,0,0,0,0,0,0,0,926
234,0,4,0,0,0,0,0,0,4,0,0,0,0,0,0,0,0,0,0,0,0,925
235,0,24,0,0,0,0,0,0,24,0,0,0,0,0,0,0,0,0,0,0,0,628
236,0,24,0,0,0,0,0,0,24,0,0,0,0,0,0,0,0,0,0,0,0,4
237,0,7,0,0,0,0,0,0,7,0,0,0,0,0,0,0,0,0,0,0,0,484
238,112,0,0,0,112,0,0,0,0,0,0,0,0,0,0,0,0,0,0,0,0,40
239,114,0,0,0,114,0,0,0,0,0,0,0,0,0,0,0,0,0,0,0,0,19
240,0,5,0,0,0,0,0,0,5,0,0,0,0,0,0,0,0,0,0,0,0,1084
241,0,12,0,0,0,0,0,0,12,0,0,0,0,0,0,0,0,0,0,0,0,847
242,0,35,0,0,0,0,0,0,35,0,0,0,0,0,0,0,0,0,0,0,0,418
243,0,28,0,0,0,0,0,0,28,0,0,0,0,0,0,0,0,0,0,0,0,1026
244,0,29,0,0,0,0,0,0,0,0,0,0,0,29,0,0,0,0,0,0,0,1091
245,0,29,0,0,0,0,0,0,0,0,0,0,0,29,0,0,0,0,0,0,0,1092
246,0,9,0,0,0,0,0,0,9,0,0,0,0,0,0,0,0,0,0,0,0,993
247,0,6,0,0,0,0,0,0,6,0,0,0,0,0,0,0,0,0,0,0,0,385
248,0,6,0,0,0,0,0,0,6,0,0,0,0,0,0,0,0,0,0,0,0,384
249,0,6,0,0,0,0,0,0,6,0,0,0,0,0,0,0,0,0,0,0,0,383
250,0,45,0,0,0,0,0,0,45,0,0,0,0,0,0,0,0,0,0,0,0,888
251,10,0,0,0,0,0,0,0,10,0,0,0,0,0,0,0,0,0,0,0,0,109
252,0,9,0,0,0,0,0,0,9,0,0,0,0,0,0,0,0,0,0,0,0,441
253,0,9,0,0,0,0,0,0,9,0,0,0,0,0,0,0,0,0,0,0,0,440
254,0,8,0,0,0,0,0,0,8,0,0,0,0,0,0,0,0,0,0,0,0,744
255,0,6,0,0,0,0,0,0,6,0,0,0,0,0,0,0,0,0,0,0,0,745
256,0,17,0,0,0,0,0,0,0,0,0,0,0,17,0,0,0,0,0,0,0,388
257,0,7,0,0,0,0,0,0,7,0,0,0,0,0,0,0,0,0,0,0,0,1115
258,0,8,0,0,0,0,0,0,0,0,0,0,0,8,0,0,0,0,0,0,0,266
259,0,38,0,0,0,0,0,0,38,0,0,0,0,0,0,0,0,0,0,0,0,890
260,0,42,0,0,0,0,0,0,42,0,0,0,0,0,0,0,0,0,0,0,0,889
261,17,0,0,0,0,0,0,0,17,0,0,0,0,0,0,0,0,0,0,0,0,108
262,17,0,0,0,0,0,0,0,17,0,0,0,0,0,0,0,0,0,0,0,0,143
263,17,0,0,0,0,0,0,0,17,0,0,0,0,0,0,0,0,0,0,0,0,352
264,17,0,0,0,0,0,0,0,17,0,0,0,0,0,0,0,0,0,0,0,0,89
265,17,0,0,0,0,0,0,0,17,0,0,0,0,0,0,0,0,0,0,0,0,351
266,0,6,0,0,0,0,0,0,6,0,0,0,0,0,0,0,0,0,0,0,0,873
267,0,11,0,0,0,0,0,0,11,0,0,0,0,0,0,0,0,0,0,0,0,1070
268,0,5,0,0,0,0,0,0,5,0,0,0,0,0,0,0,0,0,0,0,0,1071
269,0,18,0,0,0,0,0,0,18,0,0,0,0,0,0,0,0,0,0,0,0,498
270,0,18,0,0,0,0,0,0,18,0,0,0,0,0,0,0,0,0,0,0,0,491
271,0,14,0,0,0,0,0,0,0,0,0,0,0,14,0,0,0,0,0,0,0,980
272,0,8,0,0,0,0,0,0,8,0,0,0,0,0,0,0,0,0,0,0,0,1040
273,0,8,0,0,0,0,0,0,8,0,0,0,0,0,0,0,0,0,0,0,0,1041
274,0,4,0,0,0,0,0,0,0,0,0,0,0,4,0,0,0,0,0,0,0,966
275,0,4,0,0,0,0,0,0,0,0,0,0,0,4,0,0,0,0,0,0,0,967
276,0,13,0,0,0,0,0,0,13,0,0,0,0,0,0,0,0,0,0,0,0,724
277,0,48,0,0,0,0,0,0,0,0,0,0,0,48,0,0,0,0,0,0,0,688
278,0,32,0,0,0,0,0,0,0,0,0,0,0,32,0,0,0,0,0,0,0,687
279,0,20,0,0,0,0,0,0,20,0,0,0,0,0,0,0,0,0,0,0,0,701
280,0,50,0,0,0,0,0,0,0,0,0,0,0,50,0,0,0,0,0,0,0,934
281,0,85,0,0,0,0,0,0,0,0,0,0,0,84,0,0,0,0,1,0,0,986
282,0,83,0,0,0,0,0,0,0,0,0,0,0,82,0,0,0,0,1,0,0,987
283,0,60,0,0,0,0,0,0,0,0,0,0,0,59,0,0,0,0,1,0,0,988
284,0,67,0,0,0,0,0,0,0,0,0,0,0,67,0,0,0,0,0,0,0,635
285,0,68,0,0,0,0,0,0,0,0,0,0,0,68,0,0,0,0,0,0,0,633
286,0,247,0,0,0,0,0,0,0,0,0,0,0,0,0,0,0,0,247,0,0,270
287,0,4,0,0,0,0,0,0,0,0,0,0,0,4,0,0,0,0,0,0,0,244
288,0,5,0,0,0,0,0,0,0,0,0,0,0,5,0,0,0,0,0,0,0,243
289,0,13,0,0,0,0,0,0,0,0,0,0,0,13,0,0,0,0,0,0,0,400
290,0,13,0,0,0,0,0,0,0,0,0,0,0,13,0,0,0,0,0,0,0,402
291,0,6,0,0,0,0,0,0,6,0,0,0,0,0,0,0,0,0,0,0,0,1061
292,5,0,0,0,0,0,0,0,0,0,0,0,0,5,0,0,0,0,0,0,0,321
293,0,15,0,0,0,0,0,0,15,0,0,0,0,0,0,0,0,0,0,0,0,408
294,0,16,0,0,0,0,0,0,16,0,0,0,0,0,0,0,0,0,0,0,0,410
295,0,15,0,0,0,0,0,0,15,0,0,0,0,0,0,0,0,0,0,0,0,409
296,0,8,0,0,8,0,0,0,0,0,0,0,0,0,0,0,0,0,0,0,0,696
297,0,74,0,0,0,0,0,0,0,0,0,0,0,74,0,0,0,0,0,0,0,286
298,0,5,0,0,0,0,0,0,0,0,0,0,0,5,0,0,0,0,0,0,0,259
299,0,4,0,0,0,0,0,0,0,0,0,0,0,4,0,0,0,0,0,0,0,260
300,0,8,0,0,0,0,0,0,8,0,0,0,0,0,0,0,0,0,0,0,0,459
301,0,8,0,0,0,0,0,0,8,0,0,0,0,0,0,0,0,0,0,0,0,458
302,11,0,0,0,0,0,0,0,0,0,0,0,0,0,0,0,0,11,0,0,0,242
303,0,24,0,0,0,0,0,0,0,0,0,0,0,24,0,0,0,0,0,0,0,658
304,0,6,0,0,0,0,0,0,6,0,0,0,0,0,0,0,0,0,0,0,0,709
305,0,6,0,0,0,0,0,0,6,0,0,0,0,0,0,0,0,0,0,0,0,1038
306,0,8,0,0,0,0,0,0,0,0,0,0,0,8,0,0,0,0,0,0,0,969
307,0,24,0,0,0,0,0,0,0,0,0,0,0,24,0,0,0,0,0,0,0,269
308,0,6,0,0,0,0,0,0,6,0,0,0,0,0,0,0,0,0,0,0,0,486
309,0,10,0,0,0,0,0,0,10,0,0,0,0,0,0,0,0,0,0,0,0,487
310,0,13,0,0,0,0,0,0,0,0,0,0,0,13,0,0,0,0,0,0,0,795
311,0,13,0,0,0,0,0,0,1,0,0,0,0,0,12,0,0,0,0,0,0,574
312,0,5,0,0,0,0,0,0,5,0,0,0,0,0,0,0,0,0,0,0,0,1066
313,0,4,0,0,0,0,0,0,4,0,0,0,0,0,0,0,0,0,0,0,0,1068
314,0,4,0,0,0,0,0,0,4,0,0,0,0,0,0,0,0,0,0,0,0,1067
315,0,21,0,0,21,0,0,0,0,0,0,0,0,0,0,0,0,0,0,0,0,896
316,0,5,0,0,0,0,0,0,5,0,0,0,0,0,0,0,0,0,0,0,0,583
317,0,3,0,0,0,0,0,0,3,0,0,0,0,0,0,0,0,0,0,0,0,897
318,0,28,0,0,0,0,0,0,28,0,0,0,0,0,0,0,0,0,0,0,0,1080
319,0,4,0,0,0,0,0,0,0,0,0,0,0,4,0,0,0,0,0,0,0,406
320,0,71,0,0,0,0,0,0,71,0,0,0,0,0,0,0,0,0,0,0,0,601
321,0,93,0,0,0,0,0,0,93,0,0,0,0,0,0,0,0,0,0,0,0,598
322,0,31,0,0,0,0,0,0,0,1,0,0,30,0,0,0,0,0,0,0,0,559
323,0,10,0,0,0,0,0,0,9,0,0,0,0,1,0,0,0,0,0,0,0,860
324,0,17,0,0,0,0,0,0,17,0,0,0,0,0,0,0,0,0,0,0,0,482
325,3,0,0,0,0,0,0,0,3,0,0,0,0,0,0,0,0,0,0,0,0,103
326,11,0,0,0,0,0,0,0,11,0,0,0,0,0,0,0,0,0,0,0,0,370
327,0,6,0,0,0,0,0,0,0,0,0,0,0,6,0,0,0,0,0,0,0,265
328,0,9,0,0,0,0,0,0,0,0,0,0,0,9,0,0,0,0,0,0,0,1044
329,0,9,0,0,0,0,0,0,0,0,0,0,9,0,0,0,0,0,0,0,0,813
330,0,9,0,0,0,0,0,0,9,0,0,0,0,0,0,0,0,0,0,0,0,538
331,0,9,0,0,0,0,0,0,9,0,0,0,0,0,0,0,0,0,0,0,0,537
332,0,9,0,0,0,0,0,0,9,0,0,0,0,0,0,0,0,0,0,0,0,519
333,9,0,0,0,0,0,0,0,9,0,0,0,0,0,0,0,0,0,0,0,0,102
334,0,11,0,0,0,0,0,0,0,0,0,0,0,11,0,0,0,0,0,0,0,1096
335,0,11,0,0,0,0,0,0,0,0,0,0,0,11,0,0,0,0,0,0,0,1095
336,0,13,0,0,0,0,0,0,13,0,0,0,0,0,0,0,0,0,0,0,0,1083
337,0,5,0,0,0,0,0,0,5,0,0,0,0,0,0,0,0,0,0,0,0,571
338,0,8,0,0,0,0,0,0,8,0,0,0,0,0,0,0,0,0,0,0,0,977
339,0,6,0,0,0,0,0,0,6,0,0,0,0,0,0,0,0,0,0,0,0,1112
340,0,13,0,0,0,0,0,0,13,0,0,0,0,0,0,0,0,0,0,0,0,553
341,0,10,0,0,0,0,0,0,10,0,0,0,0,0,0,0,0,0,0,0,0,448
342,0,17,0,0,0,0,0,0,0,0,0,0,0,17,0,0,0,0,0,0,0,655
343,0,6,0,0,0,0,0,0,6,0,0,0,0,0,0,0,0,0,0,0,0,506
344,0,30,0,0,0,0,0,0,30,0,0,0,0,0,0,0,0,0,0,0,0,505
345,0,10,0,0,0,0,0,0,10,0,0,0,0,0,0,0,0,0,0,0,0,540
346,0,63,0,0,0,0,0,0,63,0,0,0,0,0,0,0,0,0,0,0,0,539
347,0,5,0,0,0,0,0,0,5,0,0,0,0,0,0,0,0,0,0,0,0,708
348,0,8,0,0,0,0,0,0,0,0,0,0,0,8,0,0,0,0,0,0,0,634
349,0,6,0,0,0,0,0,0,6,0,0,0,0,0,0,0,0,0,0,0,0,861
350,0,8,0,0,0,0,0,0,8,0,0,0,0,0,0,0,0,0,0,0,0,736
351,0,3,0,0,0,0,0,0,3,0,0,0,0,0,0,0,0,0,0,0,0,479
352,0,11,0,11,0,0,0,0,0,0,0,0,0,0,0,0,0,0,0,0,0,958
353,0,12,0,12,0,0,0,0,0,0,0,0,0,0,0,0,0,0,0,0,0,164
354,189,2753,0,3,224,642,0,94,17,0,37,1880,2,4,1,0,18,3,0,10,7,7
355,196,3176,0,3,225,652,0,95,28,2,33,2261,2,4,1,0,40,3,0,17,6,20
356,196,3189,0,3,226,652,0,97,28,2,38,2266,2,4,1,0,40,3,0,17,6,29
357,0,9,0,0,0,0,0,0,7,0,0,0,0,2,0,0,0,0,0,0,0,407
358,0,31,0,0,0,0,0,0,31,0,0,0,0,0,0,0,0,0,0,0,0,669
359,0,33,0,0,0,0,0,0,33,0,0,0,0,0,0,0,0,0,0,0,0,668
360,0,46,0,0,0,0,0,0,12,0,0,0,34,0,0,0,0,0,0,0,0,1075
361,0,10,0,0,0,0,0,0,10,0,0,0,0,0,0,0,0,0,0,0,0,1085
362,0,15,0,0,0,0,0,0,0,0,0,0,0,15,0,0,0,0,0,0,0,1113
363,0,1,0,0,0,0,0,0,1,0,0,0,0,0,0,0,0,0,0,0,0,1054
364,0,3,0,0,0,0,0,0,0,0,0,0,0,3,0,0,0,0,0,0,0,392
365,0,6,0,0,0,0,0,0,6,0,0,0,0,0,0,0,0,0,0,0,0,750
366,0,6,0,0,0,0,0,0,3,0,0,0,0,0,3,0,0,0,0,0,0,978
367,1,0,0,0,0,0,0,0,1,0,0,0,0,0,0,0,0,0,0,0,0,48
368,0,4,0,0,0,0,0,0,4,0,0,0,0,0,0,0,0,0,0,0,0,1111
369,0,4,0,0,0,0,0,0,4,0,0,0,0,0,0,0,0,0,0,0,0,1110
370,0,7,0,0,0,0,0,0,0,0,0,0,0,7,0,0,0,0,0,0,0,1012
371,0,6,0,0,0,0,0,0,0,0,0,0,0,6,0,0,0,0,0,0,0,828
372,0,8,0,0,0,0,0,0,8,0,0,0,0,0,0,0,0,0,0,0,0,743
373,0,3,0,0,0,0,0,0,3,0,0,0,0,0,0,0,0,0,0,0,0,935
374,0,11,0,0,0,0,0,0,0,0,0,0,0,10,0,0,0,0,1,0,0,832
375,0,11,0,0,0,0,0,0,0,0,0,0,0,10,0,0,0,0,1,0,0,831
376,0,12,0,0,0,0,0,0,12,0,0,0,0,0,0,0,0,0,0,0,0,899
377,0,8,0,0,0,0,0,0,8,0,0,0,0,0,0,0,0,0,0,0,0,613
378,0,19,0,0,0,0,0,0,19,0,0,0,0,0,0,0,0,0,0,0,0,611
379,0,5,0,0,0,0,0,0,5,0,0,0,0,0,0,0,0,0,0,0,0,768
380,0,1,0,0,0,0,0,0,1,0,0,0,0,0,0,0,0,0,0,0,0,917
381,0,2,0,0,0,0,0,0,2,0,0,0,0,0,0,0,0,0,0,0,0,766
382,0,2,0,0,0,0,0,0,2,0,0,0,0,0,0,0,0,0,0,0,0,767
383,0,2,0,0,0,0,0,0,2,0,0,0,0,0,0,0,0,0,0,0,0,746
384,0,11,0,0,0,0,0,0,0,0,0,0,0,11,0,0,0,0,0,0,0,663
385,0,5,0,0,0,0,0,0,5,0,0,0,0,0,0,0,0,0,0,0,0,621
386,0,7,0,0,0,0,0,0,7,0,0,0,0,0,0,0,0,0,0,0,0,652
387,0,3,0,0,0,0,0,0,3,0,0,0,0,0,0,0,0,0,0,0,0,649
388,3,0,0,0,0,0,0,0,3,0,0,0,0,0,0,0,0,0,0,0,0,380
389,3,0,0,0,0,0,0,0,3,0,0,0,0,0,0,0,0,0,0,0,0,202
390,0,6,0,0,0,0,0,0,6,0,0,0,0,0,0,0,0,0,0,0,0,985
391,0,2,0,0,0,0,0,0,0,0,0,0,0,2,0,0,0,0,0,0,0,996
392,0,1,0,0,0,0,0,0,1,0,0,0,0,0,0,0,0,0,0,0,0,470
393,0,4,0,0,0,0,0,0,0,0,0,0,0,4,0,0,0,0,0,0,0,728
394,0,9,0,0,0,0,0,0,0,0,0,0,0,9,0,0,0,0,0,0,0,729
395,0,7,0,0,0,0,0,0,0,0,0,0,0,7,0,0,0,0,0,0,0,5
396,0,20,0,0,0,0,0,0,0,0,0,0,0,20,0,0,0,0,0,0,0,730
397,0,6,0,0,0,0,0,0,6,0,0,0,0,0,0,0,0,0,0,0,0,871
398,0,3,0,0,0,0,0,0,0,0,0,0,0,3,0,0,0,0,0,0,0,893
399,0,2,0,0,0,0,0,0,0,0,0,0,0,2,0,0,0,0,0,0,0,959
400,0,1,0,0,0,0,0,0,0,0,0,0,0,1,0,0,0,0,0,0,0,1105
401,0,6,0,0,0,0,0,0,6,0,0,0,0,0,0,0,0,0,0,0,0,642
402,0,59,0,0,0,0,0,0,59,0,0,0,0,0,0,0,0,0,0,0,0,604
403,66,0,0,0,0,0,0,0,66,0,0,0,0,0,0,0,0,0,0,0,0,316
404,65,0,0,0,0,0,0,0,65,0,0,0,0,0,0,0,0,0,0,0,0,64
405,40,0,0,0,0,0,0,0,40,0,0,0,0,0,0,0,0,0,0,0,0,189
406,0,13,0,0,13,0,0,0,0,0,0,0,0,0,0,0,0,0,0,0,0,952
407,2,0,0,0,0,0,0,0,2,0,0,0,0,0,0,0,0,0,0,0,0,371
408,0,4,0,0,0,0,0,0,0,0,0,0,0,4,0,0,0,0,0,0,0,955
409,0,1,0,0,0,0,0,0,1,0,0,0,0,0,0,0,0,0,0,0,0,779
410,0,13,0,0,0,0,0,0,13,0,0,0,0,0,0,0,0,0,0,0,0,620
411,0,2,0,0,0,0,0,0,2,0,0,0,0,0,0,0,0,0,0,0,0,782
412,0,4,0,0,0,0,0,0,4,0,0,0,0,0,0,0,0,0,0,0,0,710
413,0,5,0,0,0,0,0,0,5,0,0,0,0,0,0,0,0,0,0,0,0,711
414,0,27,0,0,0,0,0,0,15,0,0,0,12,0,0,0,0,0,0,0,0,1077
415,0,19,0,0,0,0,0,0,7,0,0,0,12,0,0,0,0,0,0,0,0,1076
416,0,4,0,0,0,0,0,0,4,0,0,0,0,0,0,0,0,0,0,0,0,1029
417,0,4,0,0,0,0,0,0,4,0,0,0,0,0,0,0,0,0,0,0,0,1047
418,0,4,0,0,0,0,0,0,4,0,0,0,0,0,0,0,0,0,0,0,0,1046
419,0,1,0,0,0,0,0,0,1,0,0,0,0,0,0,0,0,0,0,0,0,943
420,0,5,0,0,0,0,0,0,5,0,0,0,0,0,0,0,0,0,0,0,0,759
421,0,14,0,0,0,0,0,0,0,0,0,0,0,14,0,0,0,0,0,0,0,287
422,0,18,0,0,0,0,0,0,18,0,0,0,0,0,0,0,0,0,0,0,0,989
423,0,37,0,0,0,0,0,0,0,0,0,0,0,37,0,0,0,0,0,0,0,1102
424,0,111,0,0,0,0,0,0,0,0,0,0,0,111,0,0,0,0,0,0,0,1101
425,0,9,0,0,0,0,0,0,9,0,0,0,0,0,0,0,0,0,0,0,0,673
426,0,8,0,0,0,0,0,0,8,0,0,0,0,0,0,0,0,0,0,0,0,1107
427,0,6,0,0,0,0,0,0,6,0,0,0,0,0,0,0,0,0,0,0,0,460
428,0,6,0,0,0,0,0,0,0,0,0,0,0,6,0,0,0,0,0,0,0,839
429,1,0,0,0,0,0,0,0,1,0,0,0,0,0,0,0,0,0,0,0,0,77
430,0,7,0,0,0,0,0,0,0,0,0,0,0,7,0,0,0,0,0,0,0,280
431,0,7,0,0,0,0,0,0,7,0,0,0,0,0,0,0,0,0,0,0,0,16
432,0,15,0,0,0,0,0,0,0,0,0,0,0,15,0,0,0,0,0,0,0,263
433,0,15,0,0,0,0,0,0,0,0,0,0,0,15,0,0,0,0,0,0,0,836
434,0,15,0,0,0,0,0,0,0,0,0,0,0,15,0,0,0,0,0,0,0,264
435,0,15,0,0,0,0,0,0,0,0,0,0,0,15,0,0,0,0,0,0,0,837
436,0,11,0,0,0,0,0,0,11,0,0,0,0,0,0,0,0,0,0,0,0,436
437,0,11,0,0,0,0,0,0,11,0,0,0,0,0,0,0,0,0,0,0,0,437
438,0,21,0,0,0,0,0,0,21,0,0,0,0,0,0,0,0,0,0,0,0,901
439,0,4,0,0,0,0,0,0,4,0,0,0,0,0,0,0,0,0,0,0,0,891
440,0,4,0,0,0,0,0,0,4,0,0,0,0,0,0,0,0,0,0,0,0,894
441,0,6,0,0,0,0,0,0,0,0,0,0,0,6,0,0,0,0,0,0,0,968
442,0,7,0,0,0,0,0,0,7,0,0,0,0,0,0,0,0,0,0,0,0,1035
443,0,27,0,0,0,0,0,0,27,0,0,0,0,0,0,0,0,0,0,0,0,39
444,0,18,0,0,0,0,0,0,18,0,0,0,0,0,0,0,0,0,0,0,0,35
445,0,17,0,0,0,0,0,0,17,0,0,0,0,0,0,0,0,0,0,0,0,3
446,0,18,0,0,0,0,0,0,18,0,0,0,0,0,0,0,0,0,0,0,0,17
447,0,16,0,0,0,0,0,0,16,0,0,0,0,0,0,0,0,0,0,0,0,536
448,0,13,0,0,0,0,0,0,13,0,0,0,0,0,0,0,0,0,0,0,0,535
449,0,8,0,0,0,0,0,0,8,0,0,0,0,0,0,0,0,0,0,0,0,785
450,0,5,0,0,0,0,0,0,0,0,0,0,0,5,0,0,0,0,0,0,0,394
451,0,5,0,0,0,0,0,0,0,0,0,0,0,5,0,0,0,0,0,0,0,393
452,1,0,0,0,0,0,0,0,0,0,0,0,1,0,0,0,0,0,0,0,0,308
453,1,0,0,0,0,0,0,0,0,0,0,0,1,0,0,0,0,0,0,0,0,60
454,0,6,0,0,0,0,0,0,6,0,0,0,0,0,0,0,0,0,0,0,0,719
455,1,0,0,0,0,0,0,0,1,0,0,0,0,0,0,0,0,0,0,0,0,54
456,15,0,0,0,0,0,0,0,15,0,0,0,0,0,0,0,0,0,0,0,0,372
457,14,0,0,0,0,0,0,0,14,0,0,0,0,0,0,0,0,0,0,0,0,165
458,15,0,0,0,0,0,0,0,15,0,0,0,0,0,0,0,0,0,0,0,0,239
459,0,3,0,0,0,0,0,0,3,0,0,0,0,0,0,0,0,0,0,0,0,957
460,0,8,0,0,0,0,0,0,0,0,0,0,0,0,0,0,0,0,8,0,0,550
461,0,2,0,0,0,0,0,0,2,0,0,0,0,0,0,0,0,0,0,0,0,295
462,0,4,0,0,0,0,0,0,4,0,0,0,0,0,0,0,0,0,0,0,0,294
463,0,4,0,0,0,0,0,0,4,0,0,0,0,0,0,0,0,0,0,0,0,927
464,0,3,0,0,0,0,0,0,3,0,0,0,0,0,0,0,0,0,0,0,0,928
465,0,2,0,0,0,0,0,0,0,0,0,0,0,2,0,0,0,0,0,0,0,1050
466,0,3,0,0,0,0,0,0,3,0,0,0,0,0,0,0,0,0,0,0,0,528
467,0,8,0,0,0,0,0,0,8,0,0,0,0,0,0,0,0,0,0,0,0,842
468,0,8,0,0,0,0,0,0,8,0,0,0,0,0,0,0,0,0,0,0,0,843
469,0,7,0,0,0,0,0,0,7,0,0,0,0,0,0,0,0,0,0,0,0,823
470,0,7,0,0,0,0,0,0,7,0,0,0,0,0,0,0,0,0,0,0,0,386
471,0,7,0,0,0,0,0,0,7,0,0,0,0,0,0,0,0,0,0,0,0,821
472,0,1,0,0,0,0,0,0,1,0,0,0,0,0,0,0,0,0,0,0,0,929
473,0,9,0,0,0,0,0,0,0,0,0,0,0,9,0,0,0,0,0,0,0,816
474,0,4,0,0,0,0,0,0,4,0,0,0,0,0,0,0,0,0,0,0,0,443
475,0,5,0,0,0,0,0,0,5,0,0,0,0,0,0,0,0,0,0,0,0,607
476,0,9,0,0,0,0,0,0,9,0,0,0,0,0,0,0,0,0,0,0,0,676
477,0,9,0,0,0,0,0,0,9,0,0,0,0,0,0,0,0,0,0,0,0,677
478,0,3,0,0,0,0,0,0,3,0,0,0,0,0,0,0,0,0,0,0,0,904
479,0,1,0,0,0,0,0,0,1,0,0,0,0,0,0,0,0,0,0,0,0,784
480,0,3,0,0,0,0,0,0,0,0,0,0,0,3,0,0,0,0,0,0,0,15
481,0,2,0,0,0,0,0,0,0,0,0,0,0,2,0,0,0,0,0,0,0,829
482,0,2,0,0,0,0,0,0,0,0,0,0,0,2,0,0,0,0,0,0,0,830
483,0,5,0,0,0,0,0,0,0,0,0,0,0,5,0,0,0,0,0,0,0,835
484,0,2,0,0,0,0,0,0,2,0,0,0,0,0,0,0,0,0,0,0,0,557
485,0,1,0,0,0,0,0,0,0,0,0,0,0,1,0,0,0,0,0,0,0,826
486,0,1,0,0,0,0,0,0,0,0,0,0,0,1,0,0,0,0,0,0,0,827
487,0,6,0,0,0,0,0,0,0,0,0,0,0,6,0,0,0,0,0,0,0,647
488,7,0,0,0,0,0,0,0,7,0,0,0,0,0,0,0,0,0,0,0,0,174
489,0,3,0,0,0,0,0,0,3,0,0,0,0,0,0,0,0,0,0,0,0,617
490,0,3,0,0,0,0,0,0,3,0,0,0,0,0,0,0,0,0,0,0,0,575
491,0,18,0,0,0,0,0,0,0,0,0,0,0,18,0,0,0,0,0,0,0,999
492,0,1,0,0,0,0,0,0,1,0,0,0,0,0,0,0,0,0,0,0,0,480
493,0,5,0,0,0,0,0,0,0,0,0,5,0,0,0,0,0,0,0,0,0,874
494,0,8,0,0,0,0,0,0,8,0,0,0,0,0,0,0,0,0,0,0,0,173
495,0,2,0,0,0,0,0,0,2,0,0,0,0,0,0,0,0,0,0,0,0,485
496,4,0,0,0,0,0,0,0,0,0,0,0,0,0,0,0,0,4,0,0,0,300
497,0,80,0,0,16,0,0,0,0,0,0,0,0,64,0,0,0,0,0,0,0,1045
498,0,37,0,0,0,0,0,0,0,0,0,0,0,37,0,0,0,0,0,0,0,627
499,0,83,0,0,0,0,0,0,83,0,0,0,0,0,0,0,0,0,0,0,0,754
500,0,72,0,0,0,0,0,0,72,0,0,0,0,0,0,0,0,0,0,0,0,755
501,0,35,0,0,0,0,0,0,35,0,0,0,0,0,0,0,0,0,0,0,0,600
502,0,51,0,0,0,0,0,0,51,0,0,0,0,0,0,0,0,0,0,0,0,942
503,0,1,0,0,0,0,0,0,1,0,0,0,0,0,0,0,0,0,0,0,0,778
504,0,1,0,0,0,0,0,0,1,0,0,0,0,0,0,0,0,0,0,0,0,777
505,0,20,0,0,0,0,0,0,20,0,0,0,0,0,0,0,0,0,0,0,0,1027
506,0,27,0,0,0,0,0,0,27,0,0,0,0,0,0,0,0,0,0,0,0,1031
507,0,18,0,0,0,0,0,0,18,0,0,0,0,0,0,0,0,0,0,0,0,1030
508,0,27,0,0,0,0,0,0,27,0,0,0,0,0,0,0,0,0,0,0,0,1032
509,0,20,0,0,0,0,0,0,20,0,0,0,0,0,0,0,0,0,0,0,0,530
510,0,4,0,0,0,0,0,0,4,0,0,0,0,0,0,0,0,0,0,0,0,949
511,0,43,0,0,0,0,0,0,0,0,0,0,0,43,0,0,0,0,0,0,0,850
512,0,25,0,0,0,0,0,0,0,0,0,0,0,25,0,0,0,0,0,0,0,851
513,0,30,0,0,0,0,0,0,0,0,0,0,0,30,0,0,0,0,0,0,0,852
514,0,9,0,0,0,0,0,0,9,0,0,0,0,0,0,0,0,0,0,0,0,771
515,0,19,0,0,0,0,0,0,0,0,0,0,0,19,0,0,0,0,0,0,0,667
516,0,14,0,0,0,0,0,0,14,0,0,0,0,0,0,0,0,0,0,0,0,608
517,7,0,0,0,0,0,0,0,0,0,0,0,0,0,0,0,0,7,0,0,0,299
518,0,18,0,0,0,0,0,0,0,0,0,0,0,0,0,0,0,18,0,0,0,510
519,0,3,0,0,0,0,0,0,3,0,0,0,0,0,0,0,0,0,0,0,0,262
520,0,5,0,0,0,0,0,0,0,0,0,0,0,5,0,0,0,0,0,0,0,450
521,0,30,0,0,0,0,0,0,30,0,0,0,0,0,0,0,0,0,0,0,0,1059
522,0,14,0,0,0,0,0,0,0,0,0,0,0,14,0,0,0,0,0,0,0,731
523,0,11,0,0,0,0,0,0,11,0,0,0,0,0,0,0,0,0,0,0,0,756
524,0,27,0,0,0,0,0,0,27,0,0,0,0,0,0,0,0,0,0,0,0,1021
525,0,56,0,0,0,0,0,0,56,0,0,0,0,0,0,0,0,0,0,0,0,1020
526,0,46,0,0,0,0,0,0,46,0,0,0,0,0,0,0,0,0,0,0,0,786
527,11,0,0,0,0,0,0,0,0,0,0,0,11,0,0,0,0,0,0,0,0,175
528,0,11,0,0,0,0,0,0,0,0,0,0,0,11,0,0,0,0,0,0,0,268
529,0,43,0,0,0,0,0,0,43,0,0,0,0,0,0,0,0,0,0,0,0,886
530,0,40,0,0,0,0,0,0,40,0,0,0,0,0,0,0,0,0,0,0,0,885
531,0,40,0,0,0,0,0,0,40,0,0,0,0,0,0,0,0,0,0,0,0,884
532,0,42,0,0,0,0,0,0,42,0,0,0,0,0,0,0,0,0,0,0,0,887
533,0,13,0,0,0,0,0,0,0,0,0,0,3,0,0,0,0,10,0,0,0,413
534,0,11,0,0,0,0,0,0,0,0,0,0,3,0,0,0,0,8,0,0,0,412
535,0,8,0,0,0,0,0,0,8,0,0,0,0,0,0,0,0,0,0,0,0,758
536,0,4,0,0,0,0,0,0,4,0,0,0,0,0,0,0,0,0,0,0,0,757
537,0,25,0,0,0,0,0,0,25,0,0,0,0,0,0,0,0,0,0,0,0,511
538,0,13,0,0,0,0,0,0,13,0,0,0,0,0,0,0,0,0,0,0,0,770
539,0,14,0,0,0,0,0,0,14,0,0,0,0,0,0,0,0,0,0,0,0,769
540,0,84,0,0,0,0,0,0,84,0,0,0,0,0,0,0,0,0,0,0,0,467
541,11,0,0,0,0,0,0,0,0,0,0,0,11,0,0,0,0,0,0,0,0,111
542,11,0,0,0,0,0,0,0,0,0,0,0,11,0,0,0,0,0,0,0,0,177
543,0,18,0,0,0,0,0,0,18,0,0,0,0,0,0,0,0,0,0,0,0,1025
544,3,0,0,0,0,0,0,0,0,0,0,0,3,0,0,0,0,0,0,0,0,304
545,6,2,0,0,0,0,0,0,0,0,0,0,8,0,0,0,0,0,0,0,0,301
546,6,0,0,0,0,0,0,0,0,0,0,0,6,0,0,0,0,0,0,0,0,297
547,4,0,0,0,0,0,0,0,0,0,0,0,4,0,0,0,0,0,0,0,0,303
548,14,0,0,0,0,0,0,0,0,0,0,0,14,0,0,0,0,0,0,0,0,112
549,0,5,0,0,0,0,0,0,0,0,0,0,0,5,0,0,0,0,0,0,0,954
550,1,0,0,0,0,0,0,0,0,0,0,0,1,0,0,0,0,0,0,0,0,302
551,4,1,0,0,0,0,0,0,0,0,0,0,5,0,0,0,0,0,0,0,0,305
552,0,10,0,0,0,0,0,0,10,0,0,0,0,0,0,0,0,0,0,0,0,1055
553,12,0,0,0,0,0,0,0,0,0,0,0,12,0,0,0,0,0,0,0,0,59
554,11,0,0,0,0,0,0,0,0,0,0,0,11,0,0,0,0,0,0,0,0,113
555,0,18,0,0,0,0,0,0,18,0,0,0,0,0,0,0,0,0,0,0,0,844
556,0,18,0,0,0,0,0,0,18,0,0,0,0,0,0,0,0,0,0,0,0,846
557,0,8,0,0,0,0,0,0,8,0,0,0,0,0,0,0,0,0,0,0,0,602
558,14,2,0,0,0,0,0,0,0,0,0,0,16,0,0,0,0,0,0,0,0,307
559,0,6,0,0,0,0,0,0,6,0,0,0,0,0,0,0,0,0,0,0,0,944
560,0,30,0,0,0,0,0,0,30,0,0,0,0,0,0,0,0,0,0,0,0,681
561,0,3,0,0,0,0,0,0,0,0,0,0,0,3,0,0,0,0,0,0,0,1114
562,0,14,0,0,0,0,0,0,14,0,0,0,0,0,0,0,0,0,0,0,0,512
563,0,2,0,0,0,0,0,0,2,0,0,0,0,0,0,0,0,0,0,0,0,992
564,0,10,0,0,0,0,0,0,0,0,0,0,0,10,0,0,0,0,0,0,0,734
565,0,18,0,0,0,0,0,0,0,0,0,0,0,18,0,0,0,0,0,0,0,733
566,0,11,0,0,0,0,0,0,0,0,0,0,0,11,0,0,0,0,0,0,0,284
567,0,24,0,0,0,0,0,0,0,0,0,0,0,24,0,0,0,0,0,0,0,283
568,0,24,0,0,0,0,0,0,0,0,0,0,0,24,0,0,0,0,0,0,0,285
569,0,27,0,0,0,0,0,0,0,0,0,0,0,27,0,0,0,0,0,0,0,277
570,0,27,0,0,0,0,0,0,0,0,0,0,0,27,0,0,0,0,0,0,0,276
571,0,27,0,0,0,0,0,0,0,0,0,0,0,27,0,0,0,0,0,0,0,278
572,0,19,0,0,0,0,0,0,19,0,0,0,0,0,0,0,0,0,0,0,0,815
573,0,5,0,0,0,0,0,0,0,0,0,0,0,5,0,0,0,0,0,0,0,513
574,0,5,0,0,0,0,0,0,0,0,0,0,0,5,0,0,0,0,0,0,0,735
575,0,6,0,0,0,0,0,0,6,0,0,0,0,0,0,0,0,0,0,0,0,919
576,0,6,0,0,0,0,0,0,6,0,0,0,0,0,0,0,0,0,0,0,0,920
577,0,10,0,0,0,0,0,0,10,0,0,0,0,0,0,0,0,0,0,0,0,603
578,0,14,0,0,0,0,0,0,0,0,0,0,0,14,0,0,0,0,0,0,0,473
579,0,1,0,0,0,0,0,0,1,0,0,0,0,0,0,0,0,0,0,0,0,814
580,0,8,0,0,0,0,0,0,8,0,0,0,0,0,0,0,0,0,0,0,0,1033
581,0,9,0,0,0,0,0,0,9,0,0,0,0,0,0,0,0,0,0,0,0,1034
582,0,3,0,0,0,0,0,0,0,0,0,0,0,3,0,0,0,0,0,0,0,517
583,0,12,0,0,0,0,0,0,0,0,0,0,0,12,0,0,0,0,0,0,0,504
584,0,6,0,0,0,0,0,0,0,0,0,0,0,6,0,0,0,0,0,0,0,25
585,0,4,0,0,0,0,0,0,0,0,0,0,0,4,0,0,0,0,0,0,0,694
586,0,2,0,0,0,0,0,0,0,0,0,0,0,2,0,0,0,0,0,0,0,561
587,0,4,0,0,0,0,0,0,0,0,0,0,0,4,0,0,0,0,0,0,0,275
588,0,1,0,0,0,0,0,0,0,0,0,0,0,1,0,0,0,0,0,0,0,1056
589,0,3,0,0,0,0,0,0,0,0,0,0,0,3,0,0,0,0,0,0,0,542
590,0,50,0,0,0,0,0,0,0,0,0,0,0,50,0,0,0,0,0,0,0,541
591,0,8,0,0,0,0,0,0,0,0,0,0,0,8,0,0,0,0,0,0,0,26
592,0,92,0,0,0,0,0,0,92,0,0,0,0,0,0,0,0,0,0,0,0,625
593,0,62,0,0,0,0,0,0,62,0,0,0,0,0,0,0,0,0,0,0,0,624
594,0,4,0,0,0,0,0,0,0,0,0,0,0,0,4,0,0,0,0,0,0,780
595,0,6,0,0,0,0,0,0,6,0,0,0,0,0,0,0,0,0,0,0,0,1028
596,0,11,0,0,0,0,0,0,11,0,0,0,0,0,0,0,0,0,0,0,0,995
597,0,59,0,0,0,0,0,0,59,0,0,0,0,0,0,0,0,0,0,0,0,1065
598,0,7,0,0,0,0,0,0,0,0,0,0,0,7,0,0,0,0,0,0,0,909
599,0,56,0,0,0,0,0,0,0,0,0,0,0,56,0,0,0,0,0,0,0,273
600,0,57,0,0,0,0,0,0,0,0,0,0,0,57,0,0,0,0,0,0,0,272
601,0,7,0,0,0,0,0,0,7,0,0,0,0,0,0,0,0,0,0,0,0,679
602,0,25,0,0,0,0,0,0,25,0,0,0,0,0,0,0,0,0,0,0,0,678
603,0,23,0,0,0,0,0,0,23,0,0,0,0,0,0,0,0,0,0,0,0,454
604,0,4,0,0,0,0,0,0,0,0,0,0,0,4,0,0,0,0,0,0,0,249
605,0,29,0,0,0,0,0,0,0,0,0,0,0,29,0,0,0,0,0,0,0,248
606,0,4,0,0,0,0,0,0,0,0,0,0,0,4,0,0,0,0,0,0,0,588
607,0,18,0,0,0,0,0,0,18,0,0,0,0,0,0,0,0,0,0,0,0,773
608,0,3,0,0,0,0,0,0,3,0,0,0,0,0,0,0,0,0,0,0,0,775
609,0,4,0,0,0,0,0,0,0,0,0,0,4,0,0,0,0,0,0,0,0,699
610,0,6,0,0,0,0,0,0,6,0,0,0,0,0,0,0,0,0,0,0,0,774
611,0,3,0,0,0,0,0,0,0,0,0,0,0,3,0,0,0,0,0,0,0,979
612,0,17,0,0,0,0,0,0,0,0,0,0,0,17,0,0,0,0,0,0,0,422
613,0,16,0,0,0,0,0,0,0,0,0,0,0,16,0,0,0,0,0,0,0,421
614,0,2,0,0,0,0,0,0,0,0,0,0,0,2,0,0,0,0,0,0,0,281
615,0,3,0,0,0,0,0,0,0,0,0,0,0,3,0,0,0,0,0,0,0,951
616,0,15,0,0,0,0,0,0,0,0,0,0,0,15,0,0,0,0,0,0,0,472
617,0,4,0,0,0,0,0,0,4,0,0,0,0,0,0,0,0,0,0,0,0,644
618,0,5,0,0,0,0,0,0,5,0,0,0,0,0,0,0,0,0,0,0,0,1100
619,0,4,0,0,0,0,0,0,4,0,0,0,0,0,0,0,0,0,0,0,0,751
620,0,49,0,0,0,0,0,0,49,0,0,0,0,0,0,0,0,0,0,0,0,685
621,0,5,0,0,0,0,0,0,5,0,0,0,0,0,0,0,0,0,0,0,0,683
622,0,2,0,0,0,0,0,0,2,0,0,0,0,0,0,0,0,0,0,0,0,686
623,0,12,0,0,0,0,0,0,0,0,0,0,0,12,0,0,0,0,0,0,0,253
624,0,7,0,0,0,0,0,0,0,0,0,0,0,7,0,0,0,0,0,0,0,252
625,0,5,0,0,0,0,0,0,0,0,0,0,0,2,0,0,0,0,3,0,0,293
626,0,69,0,0,0,0,0,0,69,0,0,0,0,0,0,0,0,0,0,0,0,960
627,0,34,0,0,0,0,0,0,33,0,0,0,1,0,0,0,0,0,0,0,0,610
628,59,0,0,0,0,0,0,0,59,0,0,0,0,0,0,0,0,0,0,0,0,136
629,24,0,0,0,0,0,0,0,24,0,0,0,0,0,0,0,0,0,0,0,0,172
630,24,0,0,0,0,0,0,0,24,0,0,0,0,0,0,0,0,0,0,0,0,57
631,0,16,0,0,0,0,0,0,0,0,0,0,16,0,0,0,0,0,0,0,0,817
632,0,8,0,0,0,0,0,0,8,0,0,0,0,0,0,0,0,0,0,0,0,763
633,0,13,0,0,0,0,0,0,13,0,0,0,0,0,0,0,0,0,0,0,0,515
634,0,114,0,0,0,0,0,0,0,0,0,0,0,114,0,0,0,0,0,0,0,998
635,7,0,0,0,0,0,0,0,0,0,0,0,7,0,0,0,0,0,0,0,0,160
636,6,0,0,0,0,0,0,0,6,0,0,0,0,0,0,0,0,0,0,0,0,159
637,8,0,0,0,0,0,0,0,8,0,0,0,0,0,0,0,0,0,0,0,0,358
638,16,0,0,0,0,0,0,0,16,0,0,0,0,0,0,0,0,0,0,0,0,118
639,0,5,0,0,0,0,0,0,0,0,0,0,0,0,5,0,0,0,0,0,0,653
640,0,2,0,0,0,0,0,0,0,2,0,0,0,0,0,0,0,0,0,0,0,820
641,7,0,0,0,0,0,0,0,7,0,0,0,0,0,0,0,0,0,0,0,0,115
642,7,0,0,0,0,0,0,0,7,0,0,0,0,0,0,0,0,0,0,0,0,339
643,7,0,0,0,0,0,0,0,7,0,0,0,0,0,0,0,0,0,0,0,0,69
644,0,63,0,0,0,0,0,0,0,0,0,0,0,63,0,0,0,0,0,0,0,859
645,0,31,0,0,0,0,0,0,0,0,0,0,0,31,0,0,0,0,0,0,0,911
646,12,0,0,0,0,0,0,0,12,0,0,0,0,0,0,0,0,0,0,0,0,158
647,12,0,0,0,0,0,0,0,12,0,0,0,0,0,0,0,0,0,0,0,0,94
648,1,1,0,2,0,0,0,0,0,0,0,0,0,0,0,0,0,0,0,0,0,122
649,6,0,0,0,0,0,0,0,6,0,0,0,0,0,0,0,0,0,0,0,0,120
650,8,0,0,0,0,0,0,0,8,0,0,0,0,0,0,0,0,0,0,0,0,114
651,8,0,0,0,0,0,0,0,8,0,0,0,0,0,0,0,0,0,0,0,0,365
652,8,0,0,0,0,0,0,0,8,0,0,0,0,0,0,0,0,0,0,0,0,225
653,7,0,0,0,0,0,0,0,7,0,0,0,0,0,0,0,0,0,0,0,0,156
654,7,0,0,0,0,0,0,0,7,0,0,0,0,0,0,0,0,0,0,0,0,72
655,6,0,0,0,0,0,0,0,6,0,0,0,0,0,0,0,0,0,0,0,0,155
656,6,0,0,0,0,0,0,0,6,0,0,0,0,0,0,0,0,0,0,0,0,341
657,16,0,0,0,0,0,0,0,16,0,0,0,0,0,0,0,0,0,0,0,0,110
658,16,1,0,0,0,0,0,0,17,0,0,0,0,0,0,0,0,0,0,0,0,357
659,16,0,0,0,0,0,0,0,16,0,0,0,0,0,0,0,0,0,0,0,0,359
660,16,0,0,0,0,0,0,0,16,0,0,0,0,0,0,0,0,0,0,0,0,185
661,0,16,0,0,0,0,0,0,16,0,0,0,0,0,0,0,0,0,0,0,0,147
662,0,16,0,0,0,0,0,0,16,0,0,0,0,0,0,0,0,0,0,0,0,148
663,0,35,0,0,0,0,0,0,35,0,0,0,0,0,0,0,0,0,0,0,0,794
664,12,0,0,0,0,0,0,0,12,0,0,0,0,0,0,0,0,0,0,0,0,196
665,0,4,0,0,0,0,0,0,0,0,0,0,4,0,0,0,0,0,0,0,0,940
666,0,25,0,0,0,0,0,0,0,0,0,0,25,0,0,0,0,0,0,0,0,945
667,8,0,0,0,0,0,0,0,0,0,0,0,8,0,0,0,0,0,0,0,0,145
668,87,0,0,0,0,0,0,0,87,0,0,0,0,0,0,0,0,0,0,0,0,144
669,87,0,0,0,0,0,0,0,87,0,0,0,0,0,0,0,0,0,0,0,0,349
670,87,0,0,0,0,0,0,0,87,0,0,0,0,0,0,0,0,0,0,0,0,91
671,87,0,0,0,0,0,0,0,87,0,0,0,0,0,0,0,0,0,0,0,0,220
672,4,0,0,0,0,0,0,0,4,0,0,0,0,0,0,0,0,0,0,0,0,135
673,4,0,0,0,0,0,0,0,4,0,0,0,0,0,0,0,0,0,0,0,0,85
674,7,0,0,0,0,0,0,0,7,0,0,0,0,0,0,0,0,0,0,0,0,134
675,7,0,0,0,0,0,0,0,7,0,0,0,0,0,0,0,0,0,0,0,0,90
676,9,0,0,0,0,0,0,0,0,0,0,9,0,0,0,0,0,0,0,0,0,132
677,9,0,0,0,0,0,0,0,9,0,0,0,0,0,0,0,0,0,0,0,0,127
678,7,0,0,0,0,0,0,0,7,0,0,0,0,0,0,0,0,0,0,0,0,126
679,7,0,0,0,0,0,0,0,7,0,0,0,0,0,0,0,0,0,0,0,0,342
680,7,0,0,0,0,0,0,0,7,0,0,0,0,0,0,0,0,0,0,0,0,93
681,2,0,0,0,0,0,0,0,2,0,0,0,0,0,0,0,0,0,0,0,0,171
682,2,0,0,0,0,0,0,0,2,0,0,0,0,0,0,0,0,0,0,0,0,201
683,0,2,0,0,0,0,0,0,0,0,0,0,0,2,0,0,0,0,0,0,0,1108
684,0,1,0,0,0,0,0,0,0,0,0,0,0,1,0,0,0,0,0,0,0,516
685,0,3,0,0,0,0,0,0,0,0,0,0,0,3,0,0,0,0,0,0,0,420
686,43,0,0,0,0,0,0,0,43,0,0,0,0,0,0,0,0,0,0,0,0,125
687,11,0,0,0,0,0,0,0,11,0,0,0,0,0,0,0,0,0,0,0,0,363
688,23,0,0,0,0,0,0,0,0,0,0,0,0,0,23,0,0,0,0,0,0,170
689,10,0,0,10,0,0,0,0,0,0,0,0,0,0,0,0,0,0,0,0,0,169
690,2,0,0,0,0,0,0,0,2,0,0,0,0,0,0,0,0,0,0,0,0,154
691,4,0,0,0,0,0,0,0,4,0,0,0,0,0,0,0,0,0,0,0,0,153
692,4,0,0,0,0,0,0,0,4,0,0,0,0,0,0,0,0,0,0,0,0,81
693,4,0,0,0,0,0,0,0,4,0,0,0,0,0,0,0,0,0,0,0,0,233
694,2,0,0,0,0,0,0,0,2,0,0,0,0,0,0,0,0,0,0,0,0,168
695,60,0,0,0,0,0,0,0,0,0,0,0,0,0,60,0,0,0,0,0,0,124
696,3,0,0,0,0,0,0,0,0,0,0,0,0,0,3,0,0,0,0,0,0,179
697,7,0,0,0,0,0,0,0,7,0,0,0,0,0,0,0,0,0,0,0,0,152
698,7,0,0,0,0,0,0,0,7,0,0,0,0,0,0,0,0,0,0,0,0,86
699,6,0,0,0,0,0,0,0,6,0,0,0,0,0,0,0,0,0,0,0,0,151
700,5,0,0,0,0,0,0,0,5,0,0,0,0,0,0,0,0,0,0,0,0,100
701,6,0,0,0,0,0,0,0,6,0,0,0,0,0,0,0,0,0,0,0,0,231
702,7,0,0,0,0,0,0,0,0,0,0,0,0,0,7,0,0,0,0,0,0,167
703,8,0,0,0,0,0,0,0,8,0,0,0,0,0,0,0,0,0,0,0,0,166
704,8,0,0,0,0,0,0,0,8,0,0,0,0,0,0,0,0,0,0,0,0,82
705,8,0,0,0,0,0,0,0,8,0,0,0,0,0,0,0,0,0,0,0,0,327
706,8,0,0,0,0,0,0,0,8,0,0,0,0,0,0,0,0,0,0,0,0,142
707,11,0,0,0,0,0,0,0,11,0,0,0,0,0,0,0,0,0,0,0,0,311
708,21,0,0,0,0,0,0,0,21,0,0,0,0,0,0,0,0,0,0,0,0,141
709,21,0,0,0,0,0,0,0,21,0,0,0,0,0,0,0,0,0,0,0,0,356
710,5,0,0,0,0,0,0,0,5,0,0,0,0,0,0,0,0,0,0,0,0,150
711,2,0,0,0,0,0,0,0,2,0,0,0,0,0,0,0,0,0,0,0,0,149
712,10,0,0,0,0,0,0,0,10,0,0,0,0,0,0,0,0,0,0,0,0,146
713,12,0,0,0,0,0,0,0,12,0,0,0,0,0,0,0,0,0,0,0,0,163
714,16,0,0,0,0,0,0,0,16,0,0,0,0,0,0,0,0,0,0,0,0,367
715,2,0,0,0,0,0,0,0,2,0,0,0,0,0,0,0,0,0,0,0,0,133
716,12,0,0,0,0,0,0,0,12,0,0,0,0,0,0,0,0,0,0,0,0,131
717,3,0,0,0,0,0,0,0,3,0,0,0,0,0,0,0,0,0,0,0,0,130
718,3,0,0,0,0,0,0,0,3,0,0,0,0,0,0,0,0,0,0,0,0,375
719,3,0,0,0,0,0,0,0,3,0,0,0,0,0,0,0,0,0,0,0,0,240
720,2,0,0,0,0,0,0,0,2,0,0,0,0,0,0,0,0,0,0,0,0,129
721,4,0,0,0,0,0,0,0,0,0,0,0,0,0,4,0,0,0,0,0,0,162
722,4,0,0,0,0,0,0,0,0,0,0,0,0,0,4,0,0,0,0,0,0,61
723,59,0,0,0,0,0,0,0,59,0,0,0,0,0,0,0,0,0,0,0,0,161
724,7,0,0,0,0,0,0,0,7,0,0,0,0,0,0,0,0,0,0,0,0,140
725,7,0,0,0,0,0,0,0,7,0,0,0,0,0,0,0,0,0,0,0,0,337
726,7,0,0,0,0,0,0,0,7,0,0,0,0,0,0,0,0,0,0,0,0,336
727,7,0,0,0,0,0,0,0,7,0,0,0,0,0,0,0,0,0,0,0,0,70
728,19,0,0,0,0,0,0,0,19,0,0,0,0,0,0,0,0,0,0,0,0,139
729,2,0,0,0,0,0,0,0,2,0,0,0,0,0,0,0,0,0,0,0,0,128
730,5,0,0,0,0,0,0,0,5,0,0,0,0,0,0,0,0,0,0,0,0,235
731,3,0,0,0,0,0,0,0,3,0,0,0,0,0,0,0,0,0,0,0,0,121
732,5,0,0,0,0,0,0,0,5,0,0,0,0,0,0,0,0,0,0,0,0,117
733,3,0,0,0,0,0,0,0,3,0,0,0,0,0,0,0,0,0,0,0,0,116
734,6,0,0,0,0,0,0,0,6,0,0,0,0,0,0,0,0,0,0,0,0,138
735,20,0,0,0,0,0,0,0,20,0,0,0,0,0,0,0,0,0,0,0,0,137
736,11,0,0,0,0,0,0,0,11,0,0,0,0,0,0,0,0,0,0,0,0,119
737,11,0,0,0,0,0,0,0,11,0,0,0,0,0,0,0,0,0,0,0,0,98
738,13,0,0,13,0,0,0,0,0,0,0,0,0,0,0,0,0,0,0,0,0,123
739,7,0,0,7,0,0,0,0,0,0,0,0,0,0,0,0,0,0,0,0,0,178
740,76,0,0,0,0,0,0,0,76,0,0,0,0,0,0,0,0,0,0,0,0,56
741,0,44,0,0,0,0,0,0,44,0,0,0,0,0,0,0,0,0,0,0,0,465
742,0,31,0,0,0,0,0,0,31,0,0,0,0,0,0,0,0,0,0,0,0,449
743,0,3,0,0,0,0,0,0,3,0,0,0,0,0,0,0,0,0,0,0,0,469
744,0,24,0,0,0,0,0,0,24,0,0,0,0,0,0,0,0,0,0,0,0,532
745,0,19,0,0,0,0,0,0,0,0,0,0,0,19,0,0,0,0,0,0,0,964
746,0,6,0,0,0,0,0,0,6,0,0,0,0,0,0,0,0,0,0,0,0,883
747,0,3,0,0,0,0,0,0,3,0,0,0,0,0,0,0,0,0,0,0,0,880
748,12,0,0,0,0,0,0,0,12,0,0,0,0,0,0,0,0,0,0,0,0,65
749,12,0,0,0,0,0,0,0,12,0,0,0,0,0,0,0,0,0,0,0,0,190
750,0,28,0,0,0,0,0,0,28,0,0,0,0,0,0,0,0,0,0,0,0,747
751,0,40,0,0,0,0,0,0,40,0,0,0,0,0,0,0,0,0,0,0,0,581
752,0,4,0,0,0,0,0,0,4,0,0,0,0,0,0,0,0,0,0,0,0,509
753,18,0,0,0,0,0,0,0,18,0,0,0,0,0,0,0,0,0,0,0,0,45
754,31,0,0,0,0,0,0,0,31,0,0,0,0,0,0,0,0,0,0,0,0,62
755,0,29,0,0,0,0,0,0,29,0,0,0,0,0,0,0,0,0,0,0,0,922
756,8,0,0,0,0,0,0,0,8,0,0,0,0,0,0,0,0,0,0,0,0,75
757,11,0,0,0,0,0,0,0,11,0,0,0,0,0,0,0,0,0,0,0,0,328
758,8,0,0,0,0,0,0,0,8,0,0,0,0,0,0,0,0,0,0,0,0,325
759,0,21,0,0,0,0,0,0,0,0,0,0,0,21,0,0,0,0,0,0,0,682
760,0,10,0,0,0,0,0,0,10,0,0,0,0,0,0,0,0,0,0,0,0,772
761,0,12,0,0,0,0,0,0,12,0,0,0,0,0,0,0,0,0,0,0,0,776
762,0,33,0,0,0,0,0,0,0,0,0,33,0,0,0,0,0,0,0,0,0,1002
763,0,39,0,0,0,0,0,0,9,0,0,30,0,0,0,0,0,0,0,0,0,1
764,0,31,0,0,0,0,0,0,0,0,0,31,0,0,0,0,0,0,0,0,0,1003
765,0,31,0,0,0,0,0,0,0,0,0,31,0,0,0,0,0,0,0,0,0,1004
766,0,31,0,0,0,0,0,0,0,0,0,31,0,0,0,0,0,0,0,0,0,1001
767,0,24,0,0,0,0,0,0,0,0,0,24,0,0,0,0,0,0,0,0,0,1005
768,0,20,0,0,0,0,0,0,0,0,0,0,0,20,0,0,0,0,0,0,0,1000
769,0,11,0,0,0,0,0,0,0,0,0,0,0,11,0,0,0,0,0,0,0,544
770,0,14,0,0,0,0,0,0,14,0,0,0,0,0,0,0,0,0,0,0,0,615
771,0,15,0,0,0,0,0,0,15,0,0,0,0,0,0,0,0,0,0,0,0,616
772,0,14,0,0,0,0,0,0,14,0,0,0,0,0,0,0,0,0,0,0,0,1015
773,0,14,0,0,0,0,0,0,14,0,0,0,0,0,0,0,0,0,0,0,0,414
774,0,14,0,0,0,0,0,0,14,0,0,0,0,0,0,0,0,0,0,0,0,614
775,0,14,0,0,0,0,0,0,14,0,0,0,0,0,0,0,0,0,0,0,0,798
776,0,14,0,0,0,0,0,0,14,0,0,0,0,0,0,0,0,0,0,0,0,857
777,0,11,0,0,0,0,0,0,11,0,0,0,0,0,0,0,0,0,0,0,0,661
778,0,3,0,0,0,0,0,0,3,0,0,0,0,0,0,0,0,0,0,0,0,247
779,0,14,0,0,0,0,0,0,14,0,0,0,0,0,0,0,0,0,0,0,0,288
780,0,9,0,0,0,0,0,0,0,0,0,0,0,0,9,0,0,0,0,0,0,1058
781,0,27,0,0,0,0,0,0,0,0,0,0,0,27,0,0,0,0,0,0,0,1018
782,0,28,0,0,0,0,0,0,0,0,0,0,0,28,0,0,0,0,0,0,0,1019
783,0,32,0,0,0,0,0,0,32,0,0,0,0,0,0,0,0,0,0,0,0,983
784,0,4,0,0,0,0,0,0,0,0,0,0,0,2,0,0,0,0,2,0,0,490
785,17,0,0,0,0,0,0,0,0,0,0,0,0,0,17,0,0,0,0,0,0,101
786,17,0,0,0,0,0,0,0,0,0,0,0,0,0,17,0,0,0,0,0,0,298
787,0,22,0,0,0,0,0,0,22,0,0,0,0,0,0,0,0,0,0,0,0,558
788,0,9,0,0,0,0,0,0,0,0,0,0,0,9,0,0,0,0,0,0,0,257
789,0,10,0,0,0,0,0,0,0,0,0,0,0,10,0,0,0,0,0,0,0,256
790,0,4,0,0,0,0,0,0,4,0,0,0,0,0,0,0,0,0,0,0,0,433
791,0,7,0,0,0,0,0,0,0,0,0,7,0,0,0,0,0,0,0,0,0,1006
792,37,0,0,0,0,0,0,0,37,0,0,0,0,0,0,0,0,0,0,0,0,97
793,0,5,0,0,0,0,0,0,5,0,0,0,0,0,0,0,0,0,0,0,0,1049
794,0,11,0,0,11,0,0,0,0,0,0,0,0,0,0,0,0,0,0,0,0,501
795,15,0,0,0,0,0,0,0,15,0,0,0,0,0,0,0,0,0,0,0,0,68
796,15,0,0,0,0,0,0,0,15,0,0,0,0,0,0,0,0,0,0,0,0,326
797,15,0,0,0,0,0,0,0,15,0,0,0,0,0,0,0,0,0,0,0,0,193
798,18,0,0,0,0,0,0,0,18,0,0,0,0,0,0,0,0,0,0,0,0,83
799,13,0,0,0,0,0,0,0,13,0,0,0,0,0,0,0,0,0,0,0,0,96
800,13,0,0,0,0,0,0,0,13,0,0,0,0,0,0,0,0,0,0,0,0,310
801,0,4,0,0,0,0,0,0,0,0,0,0,0,4,0,0,0,0,0,0,0,738
802,0,4,0,0,0,0,0,0,0,0,0,0,0,4,0,0,0,0,0,0,0,737
803,0,13,0,0,0,0,0,0,13,0,0,0,0,0,0,0,0,0,0,0,0,793
804,0,6,0,0,0,0,0,0,6,0,0,0,0,0,0,0,0,0,0,0,0,430
805,0,6,0,0,0,0,0,0,6,0,0,0,0,0,0,0,0,0,0,0,0,429
806,0,1,0,0,0,0,0,0,1,0,0,0,0,0,0,0,0,0,0,0,0,947
807,27,0,0,0,0,0,0,0,27,0,0,0,0,0,0,0,0,0,0,0,0,67
808,7,0,0,0,0,0,0,0,7,0,0,0,0,0,0,0,0,0,0,0,0,66
809,7,0,0,0,0,0,0,0,7,0,0,0,0,0,0,0,0,0,0,0,0,364
810,8,0,0,0,0,0,0,0,8,0,0,0,0,0,0,0,0,0,0,0,0,200
811,1,0,0,0,0,0,0,0,1,0,0,0,0,0,0,0,0,0,0,0,0,99
812,0,4,0,0,0,0,0,0,0,0,0,0,0,4,0,0,0,0,0,0,0,739
813,0,6,0,0,0,0,0,0,6,0,0,0,0,0,0,0,0,0,0,0,0,645
814,0,2,0,0,0,0,0,0,2,0,0,0,0,0,0,0,0,0,0,0,0,879
815,0,5,0,0,0,0,0,0,5,0,0,0,0,0,0,0,0,0,0,0,0,707
816,0,5,0,0,0,0,0,0,5,0,0,0,0,0,0,0,0,0,0,0,0,1073
817,0,3,0,0,0,0,0,0,3,0,0,0,0,0,0,0,0,0,0,0,0,1074
818,0,3,0,0,0,0,0,0,0,0,0,0,0,3,0,0,0,0,0,0,0,296
819,0,3,0,0,0,0,0,0,3,0,0,0,0,0,0,0,0,0,0,0,0,13
820,0,1,0,0,0,0,0,0,1,0,0,0,0,0,0,0,0,0,0,0,0,12
821,0,2,0,0,0,0,0,0,0,0,0,0,0,2,0,0,0,0,0,0,0,741
822,0,2,0,0,0,0,0,0,0,0,0,0,0,2,0,0,0,0,0,0,0,740
823,5,0,0,0,0,0,0,0,5,0,0,0,0,0,0,0,0,0,0,0,0,84
824,9,0,0,0,0,0,0,0,9,0,0,0,0,0,0,0,0,0,0,0,0,330
825,9,0,0,0,0,0,0,0,9,0,0,0,0,0,0,0,0,0,0,0,0,332
826,9,0,0,0,0,0,0,0,9,0,0,0,0,0,0,0,0,0,0,0,0,194
827,2,0,0,0,0,0,0,0,2,0,0,0,0,0,0,0,0,0,0,0,0,79
828,4,0,0,0,0,0,0,0,4,0,0,0,0,0,0,0,0,0,0,0,0,92
829,17,0,0,0,0,0,0,0,17,0,0,0,0,0,0,0,0,0,0,0,0,348
830,17,0,0,0,0,0,0,0,17,0,0,0,0,0,0,0,0,0,0,0,0,224
831,5,0,0,0,0,0,0,0,5,0,0,0,0,0,0,0,0,0,0,0,0,55
832,0,4,0,0,0,0,0,0,4,0,0,0,0,0,0,0,0,0,0,0,0,623
833,0,5,0,0,0,0,0,0,0,0,0,0,0,5,0,0,0,0,0,0,0,579
834,0,11,0,0,0,0,0,0,11,0,0,0,0,0,0,0,0,0,0,0,0,882
835,0,5,0,0,0,0,0,0,5,0,0,0,0,0,0,0,0,0,0,0,0,881
836,1,0,0,0,0,0,0,0,1,0,0,0,0,0,0,0,0,0,0,0,0,80
837,14,0,0,0,0,0,0,0,14,0,0,0,0,0,0,0,0,0,0,0,0,78
838,13,0,0,0,0,0,0,0,13,0,0,0,0,0,0,0,0,0,0,0,0,338
839,14,0,0,0,0,0,0,0,14,0,0,0,0,0,0,0,0,0,0,0,0,360
840,20,0,0,0,0,0,0,0,20,0,0,0,0,0,0,0,0,0,0,0,0,199
841,0,12,0,0,0,0,0,0,12,0,0,0,0,0,0,0,0,0,0,0,0,589
842,0,4,0,0,0,0,0,0,0,0,0,0,0,4,0,0,0,0,0,0,0,271
843,0,17,0,0,0,0,0,0,17,0,0,0,0,0,0,0,0,0,0,0,0,439
844,0,6,0,0,0,0,0,0,6,0,0,0,0,0,0,0,0,0,0,0,0,446
845,3,0,0,0,0,0,0,0,3,0,0,0,0,0,0,0,0,0,0,0,0,214
846,7,0,0,0,0,0,0,0,7,0,0,0,0,0,0,0,0,0,0,0,0,350
847,16,0,0,0,0,0,0,0,8,0,0,0,8,0,0,0,0,0,0,0,0,343
848,7,5,0,0,0,12,0,0,0,0,0,0,0,0,0,0,0,0,0,0,0,309
849,2,1,0,0,0,3,0,0,0,0,0,0,0,0,0,0,0,0,0,0,0,227
850,2,0,0,0,0,2,0,0,0,0,0,0,0,0,0,0,0,0,0,0,0,58
851,0,7,0,0,7,0,0,0,0,0,0,0,0,0,0,0,0,0,0,0,0,629
852,0,9,0,0,0,0,0,0,9,0,0,0,0,0,0,0,0,0,0,0,0,451
853,0,9,0,0,0,0,0,0,9,0,0,0,0,0,0,0,0,0,0,0,0,453
854,0,1,0,0,0,0,0,0,1,0,0,0,0,0,0,0,0,0,0,0,0,447
855,0,7,0,0,3,0,0,0,4,0,0,0,0,0,0,0,0,0,0,0,0,1106
856,0,14,0,0,0,0,0,0,14,0,0,0,0,0,0,0,0,0,0,0,0,984
857,5,1,0,0,0,0,0,0,6,0,0,0,0,0,0,0,0,0,0,0,0,313
858,0,5,0,0,0,0,0,0,5,0,0,0,0,0,0,0,0,0,0,0,0,867
859,0,41,0,0,0,0,0,0,0,0,0,41,0,0,0,0,0,0,0,0,0,1009
860,97,0,0,0,0,0,0,0,97,0,0,0,0,0,0,0,0,0,0,0,0,317
861,97,0,0,0,0,0,0,0,97,0,0,0,0,0,0,0,0,0,0,0,0,318
862,4,0,0,0,0,0,0,0,4,0,0,0,0,0,0,0,0,0,0,0,0,368
863,5,0,0,0,0,0,0,0,5,0,0,0,0,0,0,0,0,0,0,0,0,206
864,5,0,0,0,0,0,0,0,5,0,0,0,0,0,0,0,0,0,0,0,0,188
865,3,0,0,0,0,0,0,0,3,0,0,0,0,0,0,0,0,0,0,0,0,344
866,4,0,0,0,0,0,0,0,4,0,0,0,0,0,0,0,0,0,0,0,0,345
867,0,5,0,0,0,0,0,0,0,0,0,5,0,0,0,0,0,0,0,0,0,1053
868,4,0,0,0,0,0,0,0,4,0,0,0,0,0,0,0,0,0,0,0,0,340
869,4,0,0,0,0,0,0,0,4,0,0,0,0,0,0,0,0,0,0,0,0,71
870,8,0,0,0,0,0,0,0,8,0,0,0,0,0,0,0,0,0,0,0,0,361
871,8,0,0,0,0,0,0,0,8,0,0,0,0,0,0,0,0,0,0,0,0,362
872,8,0,0,0,0,0,0,0,0,0,0,0,8,0,0,0,0,0,0,0,0,306
873,3,0,0,0,0,0,0,0,3,0,0,0,0,0,0,0,0,0,0,0,0,379
874,0,7,0,0,0,0,0,0,7,0,0,0,0,0,0,0,0,0,0,0,0,654
875,0,10,0,0,0,0,0,0,10,0,0,0,0,0,0,0,0,0,0,0,0,14
876,10,0,0,0,0,0,0,0,10,0,0,0,0,0,0,0,0,0,0,0,0,323
877,0,32,0,0,0,0,0,0,0,0,0,32,0,0,0,0,0,0,0,0,0,973
878,0,18,0,0,0,0,0,0,18,0,0,0,0,0,0,0,0,0,0,0,0,630
879,0,37,0,0,0,0,0,0,37,0,0,0,0,0,0,0,0,0,0,0,0,632
880,0,14,0,0,0,0,0,0,0,0,0,0,0,14,0,0,0,0,0,0,0,1093
881,0,21,0,0,21,0,0,0,0,0,0,0,0,0,0,0,0,0,0,0,0,695
882,0,15,0,0,0,0,0,0,15,0,0,0,0,0,0,0,0,0,0,0,0,792
883,3,0,0,0,0,0,0,0,3,0,0,0,0,0,0,0,0,0,0,0,0,377
884,3,0,0,0,0,0,0,0,3,0,0,0,0,0,0,0,0,0,0,0,0,376
885,0,3,0,0,0,0,0,0,3,0,0,0,0,0,0,0,0,0,0,0,0,875
886,0,90,0,0,0,0,0,0,90,0,0,0,0,0,0,0,0,0,0,0,0,877
887,0,15,0,0,0,0,0,0,15,0,0,0,0,0,0,0,0,0,0,0,0,435
888,0,16,0,0,0,0,0,0,0,0,0,0,0,16,0,0,0,0,0,0,0,937
889,0,8,0,0,0,0,0,0,8,0,0,0,0,0,0,0,0,0,0,0,0,991
890,0,28,0,0,0,0,0,0,28,0,0,0,0,0,0,0,0,0,0,0,0,569
891,0,28,0,0,0,0,0,0,28,0,0,0,0,0,0,0,0,0,0,0,0,570
892,0,1,0,0,0,0,0,0,0,0,0,0,0,1,0,0,0,0,0,0,0,1013
893,0,5,0,0,0,0,0,0,5,0,0,0,0,0,0,0,0,0,0,0,0,564
894,0,17,0,0,0,0,0,0,0,0,0,0,0,0,17,0,0,0,0,0,0,475
895,0,1,0,0,0,0,0,0,0,0,0,0,0,1,0,0,0,0,0,0,0,1057
896,0,2,0,0,0,0,0,0,2,0,0,0,0,0,0,0,0,0,0,0,0,931
897,0,2,0,0,0,0,0,0,2,0,0,0,0,0,0,0,0,0,0,0,0,930
898,3,0,0,0,0,0,0,0,3,0,0,0,0,0,0,0,0,0,0,0,0,74
899,3,0,0,0,0,0,0,0,3,0,0,0,0,0,0,0,0,0,0,0,0,192
900,3,0,0,0,0,0,0,0,3,0,0,0,0,0,0,0,0,0,0,0,0,329
901,3,0,0,0,0,0,0,0,3,0,0,0,0,0,0,0,0,0,0,0,0,374
902,4,0,0,0,0,0,0,0,4,0,0,0,0,0,0,0,0,0,0,0,0,381
903,2,0,0,0,0,0,0,0,2,0,0,0,0,0,0,0,0,0,0,0,0,382
904,2,0,0,0,0,0,0,0,2,0,0,0,0,0,0,0,0,0,0,0,0,52
905,20,0,0,0,0,0,0,0,20,0,0,0,0,0,0,0,0,0,0,0,0,335
906,10,0,0,0,0,0,0,0,10,0,0,0,0,0,0,0,0,0,0,0,0,353
907,10,0,0,0,0,0,0,0,10,0,0,0,0,0,0,0,0,0,0,0,0,354
908,0,6,0,0,0,0,0,0,6,0,0,0,0,0,0,0,0,0,0,0,0,631
909,22,0,0,0,0,0,0,0,22,0,0,0,0,0,0,0,0,0,0,0,0,320
910,0,1,0,0,0,0,0,0,1,0,0,0,0,0,0,0,0,0,0,0,0,752
911,0,5,0,0,0,0,0,0,5,0,0,0,0,0,0,0,0,0,0,0,0,1039
912,0,3,0,0,0,0,0,0,3,0,0,0,0,0,0,0,0,0,0,0,0,656
913,0,5,0,0,0,0,0,0,0,0,0,0,0,5,0,0,0,0,0,0,0,250
914,0,2,0,0,0,0,0,0,2,0,0,0,0,0,0,0,0,0,0,0,0,1087
915,0,2,0,0,0,0,0,0,2,0,0,0,0,0,0,0,0,0,0,0,0,2
916,0,5,0,0,0,0,0,0,5,0,0,0,0,0,0,0,0,0,0,0,0,748
917,0,8,0,0,0,0,0,0,0,0,0,0,0,8,0,0,0,0,0,0,0,593
918,0,3,0,0,0,0,0,0,3,0,0,0,0,0,0,0,0,0,0,0,0,749
919,0,2,0,0,0,0,0,0,2,0,0,0,0,0,0,0,0,0,0,0,0,246
920,0,2,0,0,0,0,0,0,0,0,0,0,0,2,0,0,0,0,0,0,0,912
921,0,1,0,0,0,0,0,0,0,1,0,0,0,0,0,0,0,0,0,0,0,176
922,0,22,0,0,0,0,0,0,22,0,0,0,0,0,0,0,0,0,0,0,0,609
923,0,5,0,0,0,0,0,0,5,0,0,0,0,0,0,0,0,0,0,0,0,936
924,9,0,0,0,0,0,0,0,9,0,0,0,0,0,0,0,0,0,0,0,0,73
925,9,0,0,0,0,0,0,0,9,0,0,0,0,0,0,0,0,0,0,0,0,369
926,9,0,0,0,0,0,0,0,9,0,0,0,0,0,0,0,0,0,0,0,0,207
927,0,7,0,0,0,0,0,0,7,0,0,0,0,0,0,0,0,0,0,0,0,476
928,0,6,0,0,0,0,0,0,6,0,0,0,0,0,0,0,0,0,0,0,0,477
929,0,2,0,0,0,0,0,0,2,0,0,0,0,0,0,0,0,0,0,0,0,521
930,0,1,0,0,0,0,0,0,1,0,0,0,0,0,0,0,0,0,0,0,0,489
931,0,1,0,0,0,0,0,0,1,0,0,0,0,0,0,0,0,0,0,0,0,545
932,0,1,0,0,0,0,0,0,1,0,0,0,0,0,0,0,0,0,0,0,0,546
933,0,4,0,0,0,0,0,0,0,0,0,0,0,4,0,0,0,0,0,0,0,471
934,0,4,0,0,0,0,0,0,0,0,0,0,0,4,0,0,0,0,0,0,0,862
935,0,43,0,0,0,0,0,0,43,0,0,0,0,0,0,0,0,0,0,0,0,1024
936,27,0,0,0,0,0,0,0,27,0,0,0,0,0,0,0,0,0,0,0,0,319
937,0,11,0,0,0,0,0,0,0,0,0,0,0,11,0,0,0,0,0,0,0,502
938,0,6,0,0,0,0,0,0,6,0,0,0,0,0,0,0,0,0,0,0,0,495
939,1,0,0,0,0,0,0,0,1,0,0,0,0,0,0,0,0,0,0,0,0,53
940,0,8,0,0,0,0,0,0,0,0,0,0,0,8,0,0,0,0,0,0,0,963
941,0,10,0,0,0,0,0,0,0,0,0,0,0,0,10,0,0,0,0,0,0,1011
942,0,10,0,0,0,0,0,0,0,0,0,0,0,0,10,0,0,0,0,0,0,1010
943,0,6,0,0,0,0,0,0,6,0,0,0,0,0,0,0,0,0,0,0,0,464
944,0,19,0,0,0,0,0,0,19,0,0,0,0,0,0,0,0,0,0,0,0,462
945,0,2,0,0,0,0,0,0,0,0,0,0,2,0,0,0,0,0,0,0,0,478
946,0,1,0,0,0,0,0,0,1,0,0,0,0,0,0,0,0,0,0,0,0,565
947,0,1,0,0,0,0,0,0,1,0,0,0,0,0,0,0,0,0,0,0,0,563
948,0,6,0,0,0,0,0,0,0,0,0,6,0,0,0,0,0,0,0,0,0,1007
949,1,0,0,0,0,0,0,0,1,0,0,0,0,0,0,0,0,0,0,0,0,51
950,0,11,0,0,0,0,0,0,7,0,0,0,0,4,0,0,0,0,0,0,0,10
951,3,0,0,0,0,0,0,0,3,0,0,0,0,0,0,0,0,0,0,0,0,322
952,3,0,0,0,0,0,0,0,3,0,0,0,0,0,0,0,0,0,0,0,0,215
953,0,1,0,0,0,0,0,0,0,0,0,0,1,0,0,0,0,0,0,0,0,427
954,0,3,0,0,0,0,0,0,0,3,0,0,0,0,0,0,0,0,0,0,0,424
955,0,3,0,0,0,0,0,0,0,3,0,0,0,0,0,0,0,0,0,0,0,425
956,0,2,0,0,0,0,0,0,0,0,0,0,2,0,0,0,0,0,0,0,0,426
957,0,59,0,0,0,0,0,0,0,0,0,59,0,0,0,0,0,0,0,0,0,1008
958,0,50,0,0,0,0,0,0,50,0,0,0,0,0,0,0,0,0,0,0,0,898
959,1,0,0,0,0,0,0,0,1,0,0,0,0,0,0,0,0,0,0,0,0,334
960,1,0,0,0,0,0,0,0,1,0,0,0,0,0,0,0,0,0,0,0,0,333
961,1,0,0,0,0,0,0,0,1,0,0,0,0,0,0,0,0,0,0,0,0,76
962,0,61,0,0,0,0,0,0,49,0,0,0,0,12,0,0,0,0,0,0,0,423
963,6,0,0,0,0,0,0,0,6,0,0,0,0,0,0,0,0,0,0,0,0,355
964,6,0,0,0,0,0,0,0,6,0,0,0,0,0,0,0,0,0,0,0,0,197
965,0,30,0,0,30,0,0,0,0,0,0,0,0,0,0,0,0,0,0,0,0,659
966,0,57,0,0,0,0,0,0,57,0,0,0,0,0,0,0,0,0,0,0,0,742
967,0,12,0,0,0,0,0,0,12,0,0,0,0,0,0,0,0,0,0,0,0,863
968,0,11,0,0,0,0,0,0,11,0,0,0,0,0,0,0,0,0,0,0,0,566
969,0,9,0,0,0,0,0,0,0,0,0,0,0,9,0,0,0,0,0,0,0,1082
970,0,2,0,0,0,0,0,0,2,0,0,0,0,0,0,0,0,0,0,0,0,582
971,0,3,0,0,0,0,0,0,0,0,0,0,0,3,0,0,0,0,0,0,0,693
972,0,13,0,0,13,0,0,0,0,0,0,0,0,0,0,0,0,0,0,0,0,1051
973,0,22,0,0,0,0,0,0,0,0,0,0,0,22,0,0,0,0,0,0,0,939
974,0,3,0,0,0,0,0,0,3,0,0,0,0,0,0,0,0,0,0,0,0,921
975,72,0,0,0,0,0,0,0,72,0,0,0,0,0,0,0,0,0,0,0,0,366
976,0,4,0,0,0,0,0,0,0,0,0,0,0,4,0,0,0,0,0,0,0,251
977,0,1,0,0,0,0,0,0,0,0,0,0,0,1,0,0,0,0,0,0,0,764
978,0,3,0,0,0,0,0,0,0,0,0,0,0,3,0,0,0,0,0,0,0,765
979,0,20,0,0,0,0,0,0,20,0,0,0,0,0,0,0,0,0,0,0,0,946
980,0,6,0,0,0,0,0,0,6,0,0,0,0,0,0,0,0,0,0,0,0,923
981,0,6,0,0,0,0,0,0,6,0,0,0,0,0,0,0,0,0,0,0,0,924
982,12,0,0,0,0,0,0,0,12,0,0,0,0,0,0,0,0,0,0,0,0,63
983,12,0,0,0,0,0,0,0,12,0,0,0,0,0,0,0,0,0,0,0,0,314
984,0,6,0,0,0,0,0,0,6,0,0,0,0,0,0,0,0,0,0,0,0,990
985,2,0,0,0,0,0,0,0,2,0,0,0,0,0,0,0,0,0,0,0,0,95
986,1,0,0,0,0,0,0,0,1,0,0,0,0,0,0,0,0,0,0,0,0,50
987,0,8,0,0,0,0,0,0,0,0,0,8,0,0,0,0,0,0,0,0,0,594
988,0,40,0,0,0,0,0,0,40,0,0,0,0,0,0,0,0,0,0,0,0,900
989,0,4,0,0,0,0,0,0,4,0,0,0,0,0,0,0,0,0,0,0,0,1036
990,0,4,0,0,0,0,0,0,4,0,0,0,0,0,0,0,0,0,0,0,0,961
991,27,0,0,0,0,0,0,0,27,0,0,0,0,0,0,0,0,0,0,0,0,324
992,34,0,0,0,0,0,0,0,34,0,0,0,0,0,0,0,0,0,0,0,0,195
993,0,17,0,0,0,0,0,0,17,0,0,0,0,0,0,0,0,0,0,0,0,712
994,0,4,0,0,0,0,0,0,4,0,0,0,0,0,0,0,0,0,0,0,0,994
995,0,5,0,0,0,0,0,0,5,0,0,0,0,0,0,0,0,0,0,0,0,552
996,0,7,0,0,0,0,0,0,6,0,0,0,0,0,0,1,0,0,0,0,0,428
997,0,7,0,0,0,0,0,0,7,0,0,0,0,0,0,0,0,0,0,0,0,918
998,0,11,0,0,0,0,0,0,4,0,0,0,0,7,0,0,0,0,0,0,0,646
999,0,7,0,0,0,0,0,0,7,0,0,0,0,0,0,0,0,0,0,0,0,1104
1000,0,7,0,0,0,0,0,0,7,0,0,0,0,0,0,0,0,0,0,0,0,997
1001,0,7,0,0,0,0,0,0,7,0,0,0,0,0,0,0,0,0,0,0,0,1103
1002,0,7,0,0,0,0,0,0,7,0,0,0,0,0,0,0,0,0,0,0,0,547
1003,0,3,0,0,0,0,0,0,3,0,0,0,0,0,0,0,0,0,0,0,0,970
1004,0,12,0,0,0,0,0,0,12,0,0,0,0,0,0,0,0,0,0,0,0,438
1005,2,0,0,0,0,0,0,0,2,0,0,0,0,0,0,0,0,0,0,0,0,373
1006,0,4,0,0,0,0,0,0,0,0,0,0,0,4,0,0,0,0,0,0,0,291
1007,0,18,0,0,0,0,0,0,0,0,0,0,0,18,0,0,0,0,0,0,0,282
1008,0,5,0,0,0,0,0,0,0,0,0,0,0,5,0,0,0,0,0,0,0,626
1009,0,5,0,0,5,0,0,0,0,0,0,0,0,0,0,0,0,0,0,0,0,595
1010,0,4,0,0,0,0,0,0,4,0,0,0,0,0,0,0,0,0,0,0,0,948
1011,0,4,0,0,4,0,0,0,0,0,0,0,0,0,0,0,0,0,0,0,0,638
1012,0,1,0,0,0,0,0,0,1,0,0,0,0,0,0,0,0,0,0,0,0,500
1013,0,1,0,0,1,0,0,0,0,0,0,0,0,0,0,0,0,0,0,0,0,639
1014,0,1,0,0,0,0,0,0,0,0,0,0,0,1,0,0,0,0,0,0,0,965
1015,0,3,0,0,0,0,0,0,3,0,0,0,0,0,0,0,0,0,0,0,0,576
1016,0,2,0,0,0,0,0,0,0,0,0,0,0,2,0,0,0,0,0,0,0,261
1017,1,0,0,0,0,0,0,0,1,0,0,0,0,0,0,0,0,0,0,0,0,331
1018,2,0,0,0,0,0,0,0,2,0,0,0,0,0,0,0,0,0,0,0,0,88
1019,1,0,0,0,0,0,0,0,1,0,0,0,0,0,0,0,0,0,0,0,0,49
1020,0,2,0,0,0,0,0,0,0,0,0,0,0,0,2,0,0,0,0,0,0,700
1021,1,0,0,0,0,0,0,0,1,0,0,0,0,0,0,0,0,0,0,0,0,46
1022,2,0,0,0,0,0,0,0,2,0,0,0,0,0,0,0,0,0,0,0,0,216
1023,0,1,0,0,0,0,0,0,0,0,0,0,0,1,0,0,0,0,0,0,0,292
1024,0,3,0,0,0,0,0,0,3,0,0,0,0,0,0,0,0,0,0,0,0,499
1025,0,1,0,0,0,0,0,0,1,0,0,0,0,0,0,0,0,0,0,0,0,1086
1026,3,0,0,0,0,0,0,0,3,0,0,0,0,0,0,0,0,0,0,0,0,87
1027,0,1,0,0,0,0,0,0,1,0,0,0,0,0,0,0,0,0,0,0,0,761
1028,0,1,0,0,0,0,0,0,1,0,0,0,0,0,0,0,0,0,0,0,0,762
1029,0,1,0,0,0,0,0,0,1,0,0,0,0,0,0,0,0,0,0,0,0,760
1030,4,0,0,0,0,0,0,0,4,0,0,0,0,0,0,0,0,0,0,0,0,212
1031,5,0,0,0,0,0,0,0,5,0,0,0,0,0,0,0,0,0,0,0,0,219
1032,1,0,0,0,0,0,0,0,1,0,0,0,0,0,0,0,0,0,0,0,0,47
1033,0,6,0,0,0,0,0,0,6,0,0,0,0,0,0,0,0,0,0,0,0,1037
1034,0,1,0,0,0,0,0,0,1,0,0,0,0,0,0,0,0,0,0,0,0,849
1035,0,7,0,0,0,0,0,0,7,0,0,0,0,0,0,0,0,0,0,0,0,1022
1036,0,2,0,0,0,0,0,0,2,0,0,0,0,0,0,0,0,0,0,0,0,531
1037,0,3,0,0,0,0,0,0,0,0,0,0,0,3,0,0,0,0,0,0,0,858
1038,0,4,0,0,0,0,0,0,0,0,0,0,0,4,0,0,0,0,0,0,0,474
1039,0,4,0,0,0,0,0,0,4,0,0,0,0,0,0,0,0,0,0,0,0,706
1040,0,9,0,0,0,0,0,0,0,0,0,9,0,0,0,0,0,0,0,0,0,1060
1041,10,0,0,0,0,0,0,0,10,0,0,0,0,0,0,0,0,0,0,0,0,198
1042,0,15,0,0,0,0,0,0,15,0,0,0,0,0,0,0,0,0,0,0,0,675
1043,3,0,0,0,0,0,0,0,3,0,0,0,0,0,0,0,0,0,0,0,0,186
1044,7,0,0,0,0,0,0,0,7,0,0,0,0,0,0,0,0,0,0,0,0,211
1045,0,21,0,0,0,0,0,0,0,0,0,0,0,21,0,0,0,0,0,0,0,714
1046,0,23,0,0,0,0,0,0,23,0,0,0,0,0,0,0,0,0,0,0,0,434
1047,0,3,0,0,0,0,0,0,3,0,0,0,0,0,0,0,0,0,0,0,0,508
1048,0,3,0,0,0,0,0,0,3,0,0,0,0,0,0,0,0,0,0,0,0,1042
1049,0,4,0,0,0,0,0,0,0,0,0,0,0,4,0,0,0,0,0,0,0,255
1050,0,13,0,0,0,0,0,0,0,0,0,0,0,13,0,0,0,0,0,0,0,254
1051,0,9,0,0,0,0,0,0,0,0,0,0,0,9,0,0,0,0,0,0,0,962
1052,0,10,0,0,0,0,0,0,0,0,0,0,0,10,0,0,0,0,0,0,0,289
1053,0,13,0,0,0,0,0,0,0,0,0,0,0,13,0,0,0,0,0,0,0,290
1054,0,13,0,0,0,0,0,0,0,0,0,0,0,13,0,0,0,0,0,0,0,548
1055,0,16,0,0,0,0,0,0,0,0,0,0,0,16,0,0,0,0,0,0,0,560
1056,0,9,0,0,0,0,0,0,0,0,0,0,0,9,0,0,0,0,0,0,0,419
1057,0,27,0,0,0,0,0,0,0,0,0,0,0,27,0,0,0,0,0,0,0,690
1058,0,13,0,0,0,0,0,0,0,0,0,0,0,13,0,0,0,0,0,0,0,258
1059,0,5,0,0,0,0,0,0,0,0,0,0,0,5,0,0,0,0,0,0,0,36
1060,0,5,0,0,0,0,0,0,5,0,0,0,0,0,0,0,0,0,0,0,0,533
1061,0,4,0,0,0,0,0,0,0,0,0,0,0,4,0,0,0,0,0,0,0,856
1062,0,3,0,0,0,0,0,0,0,0,0,0,0,3,0,0,0,0,0,0,0,267
1063,0,2,0,0,0,0,0,0,0,0,0,0,0,2,0,0,0,0,0,0,0,245
1064,0,1,0,0,0,0,0,0,0,0,0,0,0,1,0,0,0,0,0,0,0,507
1065,0,2,0,0,0,0,0,0,0,0,0,0,0,2,0,0,0,0,0,0,0,1116
1066,0,1,0,0,0,0,0,0,0,0,0,0,0,1,0,0,0,0,0,0,0,493
1067,0,4,0,0,0,0,0,0,4,0,0,0,0,0,0,0,0,0,0,0,0,680
1068,0,6,0,0,0,0,0,0,0,0,0,0,0,6,0,0,0,0,0,0,0,1014
1069,0,4,0,0,0,0,0,0,4,0,0,0,0,0,0,0,0,0,0,0,0,640
1070,0,2,0,0,0,0,0,0,2,0,0,0,0,0,0,0,0,0,0,0,0,956
1071,0,8,0,0,0,0,0,0,0,0,0,0,0,8,0,0,0,0,0,0,0,753
1072,0,37,0,0,0,0,0,0,37,0,0,0,0,0,0,0,0,0,0,0,0,463
1073,0,11,0,0,0,0,0,0,11,0,0,0,0,0,0,0,0,0,0,0,0,1052
1074,0,11,0,0,0,0,0,0,11,0,0,0,0,0,0,0,0,0,0,0,0,648
1075,0,9,0,0,0,0,0,0,9,0,0,0,0,0,0,0,0,0,0,0,0,684
1076,0,2,0,0,2,0,0,0,0,0,0,0,0,0,0,0,0,0,0,0,0,573
1077,0,3,0,0,0,0,0,0,0,0,0,0,0,0,3,0,0,0,0,0,0,1078
1078,0,12,0,0,0,0,0,0,12,0,0,0,0,0,0,0,0,0,0,0,0,503
1079,0,27,0,0,0,0,0,0,0,0,0,0,0,27,0,0,0,0,0,0,0,543
1080,0,2,0,0,0,0,0,0,2,0,0,0,0,0,0,0,0,0,0,0,0,941
1081,0,1,0,0,0,0,0,0,1,0,0,0,0,0,0,0,0,0,0,0,0,950
1082,0,2,0,0,0,0,0,0,2,0,0,0,0,0,0,0,0,0,0,0,0,411
1083,0,13,0,0,0,0,0,0,0,0,0,0,0,13,0,0,0,0,0,0,0,713
1084,0,5,0,0,0,0,0,0,5,0,0,0,0,0,0,0,0,0,0,0,0,698
1085,0,17,0,0,0,0,0,0,17,0,0,0,0,0,0,0,0,0,0,0,0,461
1086,0,3,0,0,0,0,0,0,3,0,0,0,0,0,0,0,0,0,0,0,0,848
1087,0,15,0,0,0,0,0,0,0,0,0,0,0,15,0,0,0,0,0,0,0,577
1088,0,13,0,0,0,0,0,0,13,0,0,0,0,0,0,0,0,0,0,0,0,903
1089,0,9,0,0,0,0,0,0,9,0,0,0,0,0,0,0,0,0,0,0,0,274
1090,0,14,0,0,0,0,0,0,14,0,0,0,0,0,0,0,0,0,0,0,0,657
1091,14,0,0,0,0,0,0,0,14,0,0,0,0,0,0,0,0,0,0,0,0,191
1092,7,0,0,0,0,0,0,0,7,0,0,0,0,0,0,0,0,0,0,0,0,221
1093,1,0,0,0,0,0,0,0,1,0,0,0,0,0,0,0,0,0,0,0,0,222
1094,2,0,0,0,0,0,0,0,2,0,0,0,0,0,0,0,0,0,0,0,0,223
1095,4,0,0,0,0,0,0,0,4,0,0,0,0,0,0,0,0,0,0,0,0,228
1096,12,0,0,0,0,0,0,0,12,0,0,0,0,0,0,0,0,0,0,0,0,229
1097,2,0,0,0,0,0,0,0,2,0,0,0,0,0,0,0,0,0,0,0,0,230
1098,3,0,0,0,0,0,0,0,3,0,0,0,0,0,0,0,0,0,0,0,0,232
1099,5,0,0,0,0,0,0,0,5,0,0,0,0,0,0,0,0,0,0,0,0,234
1100,1,0,0,0,0,0,0,0,1,0,0,0,0,0,0,0,0,0,0,0,0,180
1101,2,0,0,0,0,0,0,0,2,0,0,0,0,0,0,0,0,0,0,0,0,181
1102,2,0,0,0,0,0,0,0,2,0,0,0,0,0,0,0,0,0,0,0,0,203
1103,2,0,0,0,0,0,0,0,2,0,0,0,0,0,0,0,0,0,0,0,0,236
1104,3,0,0,0,0,0,0,0,3,0,0,0,0,0,0,0,0,0,0,0,0,237
1105,2,0,0,0,0,0,0,0,2,0,0,0,0,0,0,0,0,0,0,0,0,238
1106,1,0,0,0,0,0,0,0,1,0,0,0,0,0,0,0,0,0,0,0,0,182
1107,5,0,0,0,0,0,0,0,5,0,0,0,0,0,0,0,0,0,0,0,0,183
1108,8,0,0,0,0,0,0,0,8,0,0,0,0,0,0,0,0,0,0,0,0,184
1109,6,0,0,0,0,0,0,0,6,0,0,0,0,0,0,0,0,0,0,0,0,205
1110,3,0,0,0,0,0,0,0,3,0,0,0,0,0,0,0,0,0,0,0,0,208
1111,2,0,0,0,0,0,0,0,2,0,0,0,0,0,0,0,0,0,0,0,0,209
1112,2,0,0,0,0,0,0,0,2,0,0,0,0,0,0,0,0,0,0,0,0,210
1113,7,0,0,0,0,0,0,0,7,0,0,0,0,0,0,0,0,0,0,0,0,213
1114,2,0,0,0,0,0,0,0,2,0,0,0,0,0,0,0,0,0,0,0,0,217
1115,1,0,0,0,0,0,0,0,1,0,0,0,0,0,0,0,0,0,0,0,0,218
